SOA,nFrames,MaskOnsetTime,trials_training.thisRepN,trials_training.thisTrialN,trials_training.thisN,trials_training.thisIndex,WarEsEinFehler_Training.thisRepN,WarEsEinFehler_Training.thisTrialN,WarEsEinFehler_Training.thisN,WarEsEinFehler_Training.thisIndex,blocks.thisRepN,blocks.thisTrialN,blocks.thisN,blocks.thisIndex,trials.thisRepN,trials.thisTrialN,trials.thisN,trials.thisIndex,WarEsEinFehler.thisRepN,WarEsEinFehler.thisTrialN,WarEsEinFehler.thisN,WarEsEinFehler.thisIndex,key_resp_4.keys,key_resp_4.rt,Orientrierung,expectedAnswer,SenktOderWaag.keys,SenktOderWaag.corr,SenktOderWaag.rt,Rating1,Rating1RT,key_resp_3.keys,key_resp_3.rt,key_resp_5.keys,key_resp_5.rt,participant,gender,age,handedness,frameRate,expName,date,
,,,,,,,,,,,,,,,,,,,,,,,space,92.1575133702,,,,,,,,,,,,27,m,18,r,120.004735231,MaskierungsExperimentExpra,2017_Jan_12_1846,
0.133,16,1.133,0,0,0,0,,,,,,,,,,,,,,,,,,,90,s,a,0,4.3832668791,-0.617212176699,6.27384500685,,,,,27,m,18,r,120.004735231,MaskierungsExperimentExpra,2017_Jan_12_1846,
0.067,8,1.067,0,1,1,1,,,,,,,,,,,,,,,,,,,0,a,a,1,4.93324646002,-0.617212176699,2.04929514886,,,,,27,m,18,r,120.004735231,MaskierungsExperimentExpra,2017_Jan_12_1846,
0.033,4,1.033,0,2,2,2,,,,,,,,,,,,,,,,,,,0,a,a,1,4.36659509564,-1.0,5.08240228437,,,,,27,m,18,r,120.004735231,MaskierungsExperimentExpra,2017_Jan_12_1846,
0.017,2,1.017,0,3,3,3,,,,,,,,,,,,,,,,,,,90,s,a,0,6.17483670352,-1.0,3.66584188352,,,,,27,m,18,r,120.004735231,MaskierungsExperimentExpra,2017_Jan_12_1846,
0.0083,1,1.0083,0,4,4,4,,,,,,,,,,,,,,,,,,,0,a,a,1,11.7661401336,-1.0,2.33260671574,,,,,27,m,18,r,120.004735231,MaskierungsExperimentExpra,2017_Jan_12_1846,
0.133,16,1.133,1,0,5,0,,,,,,,,,,,,,,,,,,,90,s,s,1,4.36657520588,0.293659876402,2.23264466668,,,,,27,m,18,r,120.004735231,MaskierungsExperimentExpra,2017_Jan_12_1846,
0.067,8,1.067,1,1,6,1,,,,,,,,,,,,,,,,,,,90,s,s,1,2.53334180252,0.349202716106,1.80768918604,,,,,27,m,18,r,120.004735231,MaskierungsExperimentExpra,2017_Jan_12_1846,
0.033,4,1.033,1,2,7,2,,,,,,,,,,,,,,,,,,,90,s,a,0,2.95006356701,-1.0,1.08267015443,,,,,27,m,18,r,120.004735231,MaskierungsExperimentExpra,2017_Jan_12_1846,
0.017,2,1.017,1,3,8,3,,,,,,,,,,,,,,,,,,,90,s,s,1,4.18325231467,-1.0,5.29076252501,,,,,27,m,18,r,120.004735231,MaskierungsExperimentExpra,2017_Jan_12_1846,
0.0083,1,1.0083,1,4,9,4,,,,,,,,,,,,,,,,,,,0,a,s,0,3.77498722404,-1.0,1.44932331531,,,,,27,m,18,r,120.004735231,MaskierungsExperimentExpra,2017_Jan_12_1846,
0.133,16,1.133,2,0,10,0,,,,,,,,,,,,,,,,,,,0,a,a,1,3.0749978426,0.555535210193,1.90772694449,,,,,27,m,18,r,120.004735231,MaskierungsExperimentExpra,2017_Jan_12_1846,
0.067,8,1.067,2,1,11,1,,,,,,,,,,,,,,,,,,,0,a,a,1,2.21674505475,0.523796444648,2.3659534907,,,,,27,m,18,r,120.004735231,MaskierungsExperimentExpra,2017_Jan_12_1846,
0.033,4,1.033,2,2,12,2,,,,,,,,,,,,,,,,,,,0,a,s,0,4.09989275573,-0.304707408255,3.00763734436,,,,,27,m,18,r,120.004735231,MaskierungsExperimentExpra,2017_Jan_12_1846,
0.017,2,1.017,2,3,13,3,,,,,,,,,,,,,,,,,,,0,a,a,1,2.0667699009,-0.390646219577,1.85763684711,,,,,27,m,18,r,120.004735231,MaskierungsExperimentExpra,2017_Jan_12_1846,
0.0083,1,1.0083,2,4,14,4,,,,,,,,,,,,,,,,,,,90,s,s,1,4.29162997488,-0.765651941711,1.98263015036,,,,,27,m,18,r,120.004735231,MaskierungsExperimentExpra,2017_Jan_12_1846,
0.133,16,1.133,3,0,15,0,,,,,,,,,,,,,,,,,,,90,s,s,1,1.2918012834,0.571435111009,1.49935823466,,,,,27,m,18,r,120.004735231,MaskierungsExperimentExpra,2017_Jan_12_1846,
0.067,8,1.067,3,1,16,1,,,,,,,,,,,,,,,,,,,0,a,a,1,0.84185432809,0.53966582742,1.41601471585,,,,,27,m,18,r,120.004735231,MaskierungsExperimentExpra,2017_Jan_12_1846,
0.033,4,1.033,3,2,17,2,,,,,,,,,,,,,,,,,,,90,s,a,0,0.74179186785,-1.0,2.09104374045,,,,,27,m,18,r,120.004735231,MaskierungsExperimentExpra,2017_Jan_12_1846,
0.017,2,1.017,3,3,18,3,,,,,,,,,,,,,,,,,,,0,a,s,0,4.67491032769,0.309529259174,1.26602737151,,,,,27,m,18,r,120.004735231,MaskierungsExperimentExpra,2017_Jan_12_1846,
0.0083,1,1.0083,3,4,19,4,,,,,,,,,,,,,,,,,,,0,a,s,0,3.85830058742,-0.484397650111,1.65771788182,,,,,27,m,18,r,120.004735231,MaskierungsExperimentExpra,2017_Jan_12_1846,
0.133,16,1.133,4,0,20,0,,,,,,,,,,,,,,,,,,,0,a,a,1,3.14162915684,0.785702296483,6.09909331598,,,,,27,m,18,r,120.004735231,MaskierungsExperimentExpra,2017_Jan_12_1846,
0.067,8,1.067,4,1,21,1,,,,,,,,,,,,,,,,,,,0,a,a,1,1.3500965455,0.103166247044,4.0742173302,,,,,27,m,18,r,120.004735231,MaskierungsExperimentExpra,2017_Jan_12_1846,
0.033,4,1.033,4,2,22,2,,,,,,,,,,,,,,,,,,,90,s,a,0,2.44171869281,-0.1953307393,1.49100100957,,,,,27,m,18,r,120.004735231,MaskierungsExperimentExpra,2017_Jan_12_1846,
0.017,2,1.017,4,3,23,3,,,,,,,,,,,,,,,,,,,0,a,a,1,1.62512274704,0.349202716106,1.52432981958,,,,,27,m,18,r,120.004735231,MaskierungsExperimentExpra,2017_Jan_12_1846,
0.0083,1,1.0083,4,4,24,4,,,,,,,,,,,,,,,,,,,90,s,s,1,1.6584178728,-0.765651941711,2.29931640202,,,,,27,m,18,r,120.004735231,MaskierungsExperimentExpra,2017_Jan_12_1846,
0.133,16,1.133,5,0,25,0,,,,,,,,,,,,,,,,,,,0,a,a,1,1.44174499861,1.0,1.09942278012,,,,,27,m,18,r,120.004735231,MaskierungsExperimentExpra,2017_Jan_12_1846,
0.067,8,1.067,5,1,26,1,,,,,,,,,,,,,,,,,,,90,s,s,1,2.08340094245,0.24602121004,1.07438831791,,,,,27,m,18,r,120.004735231,MaskierungsExperimentExpra,2017_Jan_12_1846,
0.033,4,1.033,5,2,27,2,,,,,,,,,,,,,,,,,,,0,a,a,1,2.51668253035,0.222217135882,1.81604512792,,,,,27,m,18,r,120.004735231,MaskierungsExperimentExpra,2017_Jan_12_1846,
0.017,2,1.017,5,3,28,3,,,,,,,,,,,,,,,,,,,0,a,s,0,1.65007540462,-1.0,0.86608870894,,,,,27,m,18,r,120.004735231,MaskierungsExperimentExpra,2017_Jan_12_1846,
0.0083,1,1.0083,5,4,29,4,,,,,,,,,,,,,,,,,,,90,s,s,1,6.70810889191,-1.0,1.61601773139,,,,,27,m,18,r,120.004735231,MaskierungsExperimentExpra,2017_Jan_12_1846,
0.133,16,1.133,6,0,30,0,,,,,,,,,,,,,,,,,,,90,s,s,1,1.04178420067,0.515861753262,2.40766037798,,,,,27,m,18,r,120.004735231,MaskierungsExperimentExpra,2017_Jan_12_1846,
0.067,8,1.067,6,1,31,1,,,,,,,,,,,,,,,,,,,90,s,s,1,1.18340629985,-1.52590218967e-05,1.36608084928,,,,,27,m,18,r,120.004735231,MaskierungsExperimentExpra,2017_Jan_12_1846,
0.033,4,1.033,6,2,32,2,,,,,,,,,,,,,,,,,,,0,a,a,1,1.12510750893,0.365072098878,1.0994077024,,,,,27,m,18,r,120.004735231,MaskierungsExperimentExpra,2017_Jan_12_1846,
0.017,2,1.017,6,3,33,3,,,,,,,,,,,,,,,,,,,0,a,s,0,1.84177893951,-1.0,0.907719886834,,,,,27,m,18,r,120.004735231,MaskierungsExperimentExpra,2017_Jan_12_1846,
0.0083,1,1.0083,6,4,34,4,,,,,,,,,,,,,,,,,,,90,s,a,0,4.69988544144,0.277759975586,1.93269467978,,,,,27,m,18,r,120.004735231,MaskierungsExperimentExpra,2017_Jan_12_1846,
0.133,16,1.133,7,0,35,0,,,,,,,,,,,,,,,,,,,0,a,a,1,1.35015685637,1.0,0.899359774514,,,,,27,m,18,r,120.004735231,MaskierungsExperimentExpra,2017_Jan_12_1846,
0.067,8,1.067,7,1,36,1,,,,,,,,,,,,,,,,,,,90,s,s,1,0.900144778154,0.523796444648,0.832711778551,,,,,27,m,18,r,120.004735231,MaskierungsExperimentExpra,2017_Jan_12_1846,
0.033,4,1.033,7,2,37,2,,,,,,,,,,,,,,,,,,,90,s,a,0,1.18347527239,0.365072098878,0.799398687854,,,,,27,m,18,r,120.004735231,MaskierungsExperimentExpra,2017_Jan_12_1846,
0.017,2,1.017,7,3,38,3,,,,,,,,,,,,,,,,,,,0,a,s,0,5.7498314985,-0.773464560922,1.88264724913,,,,,27,m,18,r,120.004735231,MaskierungsExperimentExpra,2017_Jan_12_1846,
0.0083,1,1.0083,7,4,39,4,,,,,,,,,,,,,,,,,,,0,a,s,0,3.8332763909,0.317463950561,1.32437909484,,,,,27,m,18,r,120.004735231,MaskierungsExperimentExpra,2017_Jan_12_1846,
0.133,16,1.133,8,0,40,0,,,,,,,,,,,,,,,,,,,0,a,a,1,2.46666365112,1.0,1.27441699765,,,,,27,m,18,r,120.004735231,MaskierungsExperimentExpra,2017_Jan_12_1846,
0.067,8,1.067,8,1,41,1,,,,,,,,,,,,,,,,,,,0,a,a,1,1.15013042224,1.0,1.24108530041,,,,,27,m,18,r,120.004735231,MaskierungsExperimentExpra,2017_Jan_12_1846,
0.033,4,1.033,8,2,42,2,,,,,,,,,,,,,,,,,,,90,s,s,1,0.9251455561,0.0793621728847,1.67432839201,,,,,27,m,18,r,120.004735231,MaskierungsExperimentExpra,2017_Jan_12_1846,
0.017,2,1.017,8,3,43,3,,,,,,,,,,,,,,,,,,,0,a,a,1,4.45820216522,0.174608987564,1.04940807133,,,,,27,m,18,r,120.004735231,MaskierungsExperimentExpra,2017_Jan_12_1846,
0.0083,1,1.0083,8,4,44,4,,,,,,,,,,,,,,,,,,,90,s,s,1,1.77514570046,-1.0,0.882672271727,,,,,27,m,18,r,120.004735231,MaskierungsExperimentExpra,2017_Jan_12_1846,
0.133,16,1.133,9,0,45,0,,,,,,,,,,,,,,,,,,,0,a,a,1,3.66661565907,0.674586099031,1.08274297659,,,,,27,m,18,r,120.004735231,MaskierungsExperimentExpra,2017_Jan_12_1846,
0.067,8,1.067,9,1,46,1,,,,,,,,,,,,,,,,,,,0,a,s,0,0.933533578234,0.492057679103,1.12432956294,,,,,27,m,18,r,120.004735231,MaskierungsExperimentExpra,2017_Jan_12_1846,
0.033,4,1.033,9,2,47,2,,,,,,,,,,,,,,,,,,,0,a,a,1,3.74160676483,-0.97659266041,2.04933813639,,,,,27,m,18,r,120.004735231,MaskierungsExperimentExpra,2017_Jan_12_1846,
0.017,2,1.017,9,3,48,3,,,,,,,,,,,,,,,,,,,90,s,s,1,2.60006037502,0.333333333333,1.01603787779,,,,,27,m,18,r,120.004735231,MaskierungsExperimentExpra,2017_Jan_12_1846,
0.0083,1,1.0083,9,4,49,4,,,,,,,,,,,,,,,,,,,90,s,a,0,6.31646682277,-0.484397650111,1.39100238902,,,,,27,m,18,r,120.004735231,MaskierungsExperimentExpra,2017_Jan_12_1846,
0.133,16,1.133,10,0,50,0,,,,,,,,,,,,,,,,,,,0,a,a,1,3.09172416249,0.357137407492,1.00766397096,,,,,27,m,18,r,120.004735231,MaskierungsExperimentExpra,2017_Jan_12_1846,
0.067,8,1.067,10,1,51,1,,,,,,,,,,,,,,,,,,,90,s,a,0,1.25013257162,0.380941481651,0.865976748879,,,,,27,m,18,r,120.004735231,MaskierungsExperimentExpra,2017_Jan_12_1846,
0.033,4,1.033,10,2,52,2,,,,,,,,,,,,,,,,,,,90,s,s,1,3.49995236083,0.460318913558,1.66607510692,,,,,27,m,18,r,120.004735231,MaskierungsExperimentExpra,2017_Jan_12_1846,
0.017,2,1.017,10,3,53,3,,,,,,,,,,,,,,,,,,,90,s,a,0,1.52506991088,-0.546898603799,0.832772089415,,,,,27,m,18,r,120.004735231,MaskierungsExperimentExpra,2017_Jan_12_1846,
0.0083,1,1.0083,10,4,54,4,,,,,,,,,,,,,,,,,,,90,s,s,1,1.83341080713,-1.0,0.974446479401,,,,,27,m,18,r,120.004735231,MaskierungsExperimentExpra,2017_Jan_12_1846,
0.133,16,1.133,11,0,55,0,,,,,,,,,,,,,,,,,,,0,a,a,1,1.37510117308,0.650782024872,0.999434425249,,,,,27,m,18,r,120.004735231,MaskierungsExperimentExpra,2017_Jan_12_1846,
0.067,8,1.067,11,1,56,1,,,,,,,,,,,,,,,,,,,0,a,s,0,3.05818298124,0.277759975586,1.21619070808,,,,,27,m,18,r,120.004735231,MaskierungsExperimentExpra,2017_Jan_12_1846,
0.033,4,1.033,11,2,57,2,,,,,,,,,,,,,,,,,,,0,a,a,1,5.10818261231,-1.0,0.574452318006,,,,,27,m,18,r,120.004735231,MaskierungsExperimentExpra,2017_Jan_12_1846,
0.017,2,1.017,11,3,58,3,,,,,,,,,,,,,,,,,,,0,a,a,1,1.93335617447,-1.0,1.99103228781,,,,,27,m,18,r,120.004735231,MaskierungsExperimentExpra,2017_Jan_12_1846,
0.0083,1,1.0083,11,4,59,4,,,,,,,,,,,,,,,,,,,90,s,a,0,2.15004252237,-1.0,1.0244098598,,,,,27,m,18,r,120.004735231,MaskierungsExperimentExpra,2017_Jan_12_1846,
,,,,,,,,,,,,,,,,,,,,,,,,,,,,,,,,space,7.40805592742,,,27,m,18,r,120.004735231,MaskierungsExperimentExpra,2017_Jan_12_1846,
0.067,8,1.067,,,,,,,,,0,0,0,0,0,0,0,1,,,,,,,0,a,a,1,2.46668354088,-1.0,0.624152319578,,,,,27,m,18,r,120.004735231,MaskierungsExperimentExpra,2017_Jan_12_1846,
0.133,16,1.133,,,,,,,,,0,0,0,0,0,1,1,0,,,,,,,90,s,s,1,0.833438396142,1.0,0.932752424224,,,,,27,m,18,r,120.004735231,MaskierungsExperimentExpra,2017_Jan_12_1846,
0.017,2,1.017,,,,,,,,,0,0,0,0,0,2,2,3,,,,,,,90,s,a,0,1.70839921814,-1.0,0.591105174127,,,,,27,m,18,r,120.004735231,MaskierungsExperimentExpra,2017_Jan_12_1846,
0.133,16,1.133,,,,,,,,,0,0,0,0,0,3,3,0,,,,,,,90,s,s,1,1.27521290858,1.0,1.19929083406,,,,,27,m,18,r,120.004735231,MaskierungsExperimentExpra,2017_Jan_12_1846,
0.133,16,1.133,,,,,,,,,0,0,0,0,0,4,4,0,,,,,,,90,s,s,1,0.858346782977,1.0,0.807873005852,,,,,27,m,18,r,120.004735231,MaskierungsExperimentExpra,2017_Jan_12_1846,
0.017,2,1.017,,,,,,,,,0,0,0,0,1,0,5,3,,,,,,,0,a,a,1,1.81671560508,-1.0,0.932769426755,,,,,27,m,18,r,120.004735231,MaskierungsExperimentExpra,2017_Jan_12_1846,
0.017,2,1.017,,,,,,,,,0,0,0,0,1,1,6,3,,,,,,,0,a,s,0,1.64182276113,-1.0,1.09932846419,,,,,27,m,18,r,120.004735231,MaskierungsExperimentExpra,2017_Jan_12_1846,
0.033,4,1.033,,,,,,,,,0,0,0,0,1,2,7,2,,,,,,,0,a,s,0,2.30004879406,-1.0,1.55769167226,,,,,27,m,18,r,120.004735231,MaskierungsExperimentExpra,2017_Jan_12_1846,
0.067,8,1.067,,,,,,,,,0,0,0,0,1,3,8,1,,,,,,,0,a,s,0,2.15836253438,-0.0390783550774,1.89102564719,,,,,27,m,18,r,120.004735231,MaskierungsExperimentExpra,2017_Jan_12_1846,
0.0083,1,1.0083,,,,,,,,,0,0,0,0,1,4,9,4,,,,,,,90,s,a,0,2.45835326319,-1.0,1.14941599515,,,,,27,m,18,r,120.004735231,MaskierungsExperimentExpra,2017_Jan_12_1846,
0.017,2,1.017,,,,,,,,,0,0,0,0,2,0,10,3,,,,,,,0,a,s,0,1.225095543,-1.0,0.749434345048,,,,,27,m,18,r,120.004735231,MaskierungsExperimentExpra,2017_Jan_12_1846,
0.0083,1,1.0083,,,,,,,,,0,0,0,0,2,1,11,4,,,,,,,0,a,a,1,1.08348338869,-1.0,0.68273502069,,,,,27,m,18,r,120.004735231,MaskierungsExperimentExpra,2017_Jan_12_1846,
0.017,2,1.017,,,,,,,,,0,0,0,0,2,2,12,3,,,,,,,90,s,a,0,3.35837068276,-1.0,1.04934711886,,,,,27,m,18,r,120.004735231,MaskierungsExperimentExpra,2017_Jan_12_1846,
0.033,4,1.033,,,,,,,,,0,0,0,0,2,3,13,2,,,,,,,90,s,s,1,1.55852287145,-1.0,0.857494731622,,,,,27,m,18,r,120.004735231,MaskierungsExperimentExpra,2017_Jan_12_1846,
0.133,16,1.133,,,,,,,,,0,0,0,0,2,4,14,0,,,,,,,0,a,s,0,2.55003475895,-1.52590218967e-05,0.974398679834,,,,,27,m,18,r,120.004735231,MaskierungsExperimentExpra,2017_Jan_12_1846,
0.033,4,1.033,,,,,,,,,0,0,0,0,3,0,15,2,,,,,,,0,a,a,1,0.908518043374,-1.0,0.874365091815,,,,,27,m,18,r,120.004735231,MaskierungsExperimentExpra,2017_Jan_12_1846,
0.133,16,1.133,,,,,,,,,0,0,0,0,3,1,16,0,,,,,,,0,a,a,1,1.67507201213,0.444449530785,1.31610784481,,,,,27,m,18,r,120.004735231,MaskierungsExperimentExpra,2017_Jan_12_1846,
0.017,2,1.017,,,,,,,,,0,0,0,0,3,2,17,3,,,,,,,0,a,a,1,1.37515410549,-1.0,0.932702699841,,,,,27,m,18,r,120.004735231,MaskierungsExperimentExpra,2017_Jan_12_1846,
0.0083,1,1.0083,,,,,,,,,0,0,0,0,3,3,18,4,,,,,,,0,a,a,1,1.14178346283,-1.0,0.766084313946,,,,,27,m,18,r,120.004735231,MaskierungsExperimentExpra,2017_Jan_12_1846,
0.067,8,1.067,,,,,,,,,0,0,0,0,3,4,19,1,,,,,,,0,a,a,1,1.44182872805,0.293659876402,0.949364859233,,,,,27,m,18,r,120.004735231,MaskierungsExperimentExpra,2017_Jan_12_1846,
0.133,16,1.133,,,,,,,,,0,0,0,0,4,0,20,0,,,,,,,90,s,s,1,0.916823940077,1.0,2.19096280199,,,,,27,m,18,r,120.004735231,MaskierungsExperimentExpra,2017_Jan_12_1846,
0.067,8,1.067,,,,,,,,,0,0,0,0,4,1,21,1,,,,,,,0,a,a,1,1.32512816861,0.34126802472,0.974431080883,,,,,27,m,18,r,120.004735231,MaskierungsExperimentExpra,2017_Jan_12_1846,
0.0083,1,1.0083,,,,,,,,,0,0,0,0,4,2,22,4,,,,,,,0,a,a,1,1.55013998216,-1.0,0.741031566001,,,,,27,m,18,r,120.004735231,MaskierungsExperimentExpra,2017_Jan_12_1846,
0.133,16,1.133,,,,,,,,,0,0,0,0,4,3,23,0,,,,,,,90,s,s,1,1.10009774851,1.0,1.18275924128,,,,,27,m,18,r,120.004735231,MaskierungsExperimentExpra,2017_Jan_12_1846,
0.033,4,1.033,,,,,,,,,0,0,0,0,4,4,24,2,,,,,,,0,a,s,0,1.83340054145,-1.0,0.807745005667,,,,,27,m,18,r,120.004735231,MaskierungsExperimentExpra,2017_Jan_12_1846,
0.0083,1,1.0083,,,,,,,,,0,0,0,0,5,0,25,4,,,,,,,0,a,s,0,1.32511212848,-1.0,0.74110695458,,,,,27,m,18,r,120.004735231,MaskierungsExperimentExpra,2017_Jan_12_1846,
0.067,8,1.067,,,,,,,,,0,0,0,0,5,1,26,1,,,,,,,90,s,s,1,1.01678213952,-1.52590218967e-05,0.907751325476,,,,,27,m,18,r,120.004735231,MaskierungsExperimentExpra,2017_Jan_12_1846,
0.067,8,1.067,,,,,,,,,0,0,0,0,5,2,27,1,,,,,,,0,a,a,1,2.26673377854,-1.52590218967e-05,0.874411608173,,,,,27,m,18,r,120.004735231,MaskierungsExperimentExpra,2017_Jan_12_1846,
0.033,4,1.033,,,,,,,,,0,0,0,0,5,3,28,2,,,,,,,90,s,s,1,2.48336623163,-1.52590218967e-05,0.566111453835,,,,,27,m,18,r,120.004735231,MaskierungsExperimentExpra,2017_Jan_12_1846,
0.0083,1,1.0083,,,,,,,,,0,0,0,0,5,4,29,4,,,,,,,0,a,a,1,0.983499845854,-1.0,0.691082621713,,,,,27,m,18,r,120.004735231,MaskierungsExperimentExpra,2017_Jan_12_1846,
0.067,8,1.067,,,,,,,,,0,0,0,0,6,0,30,1,,,,,,,0,a,a,1,1.71673494947,0.53966582742,1.03275040317,,,,,27,m,18,r,120.004735231,MaskierungsExperimentExpra,2017_Jan_12_1846,
0.133,16,1.133,,,,,,,,,0,0,0,0,6,1,31,0,,,,,,,90,s,s,1,1.48346022675,0.563469901579,1.0077072793,,,,,27,m,18,r,120.004735231,MaskierungsExperimentExpra,2017_Jan_12_1846,
0.067,8,1.067,,,,,,,,,0,0,0,0,6,2,32,1,,,,,,,0,a,a,1,0.900224016363,0.587304493782,0.657683876757,,,,,27,m,18,r,120.004735231,MaskierungsExperimentExpra,2017_Jan_12_1846,
0.067,8,1.067,,,,,,,,,0,0,0,0,6,3,33,1,,,,,,,90,s,s,1,1.06682251251,0.603173876555,0.941037468766,,,,,27,m,18,r,120.004735231,MaskierungsExperimentExpra,2017_Jan_12_1846,
0.133,16,1.133,,,,,,,,,0,0,0,0,6,4,34,0,,,,,,,90,s,s,1,0.98342124925,0.730159456779,0.949445380653,,,,,27,m,18,r,120.004735231,MaskierungsExperimentExpra,2017_Jan_12_1846,
0.033,4,1.033,,,,,,,,,0,0,0,0,7,0,35,2,,,,,,,90,s,a,0,1.8333944462,-1.52590218967e-05,0.599451812742,,,,,27,m,18,r,120.004735231,MaskierungsExperimentExpra,2017_Jan_12_1846,
0.017,2,1.017,,,,,,,,,0,0,0,0,7,1,36,3,,,,,,,0,a,a,1,1.02518074813,-1.0,0.75769725422,,,,,27,m,18,r,120.004735231,MaskierungsExperimentExpra,2017_Jan_12_1846,
0.0083,1,1.0083,,,,,,,,,0,0,0,0,7,2,37,4,,,,,,,90,s,s,1,1.22509746781,-1.0,0.724431000682,,,,,27,m,18,r,120.004735231,MaskierungsExperimentExpra,2017_Jan_12_1846,
0.033,4,1.033,,,,,,,,,0,0,0,0,7,3,38,2,,,,,,,0,a,a,1,3.7666508511,-0.570336461433,1.21601811636,,,,,27,m,18,r,120.004735231,MaskierungsExperimentExpra,2017_Jan_12_1846,
0.133,16,1.133,,,,,,,,,0,0,0,0,7,4,39,0,,,,,,,90,s,s,1,1.22510837509,0.674586099031,1.33263302155,,,,,27,m,18,r,120.004735231,MaskierungsExperimentExpra,2017_Jan_12_1846,
0.017,2,1.017,,,,,,,,,0,0,0,0,8,0,40,3,,,,,,,90,s,s,1,1.36676095051,-1.0,0.582787086931,,,,,27,m,18,r,120.004735231,MaskierungsExperimentExpra,2017_Jan_12_1846,
0.033,4,1.033,,,,,,,,,0,0,0,0,8,1,41,2,,,,,,,0,a,s,0,4.37490580438,-1.0,0.749436269863,,,,,27,m,18,r,120.004735231,MaskierungsExperimentExpra,2017_Jan_12_1846,
0.067,8,1.067,,,,,,,,,0,0,0,0,8,2,42,1,,,,,,,0,a,a,1,1.81673645724,0.277759975586,0.799427560076,,,,,27,m,18,r,120.004735231,MaskierungsExperimentExpra,2017_Jan_12_1846,
0.133,16,1.133,,,,,,,,,0,0,0,0,8,3,43,0,,,,,,,0,a,a,1,1.06677695856,0.626977950713,0.607773428766,,,,,27,m,18,r,120.004735231,MaskierungsExperimentExpra,2017_Jan_12_1846,
0.067,8,1.067,,,,,,,,,0,0,0,0,8,4,44,1,,,,,,,0,a,a,1,1.21674473395,0.825375753414,0.791132570658,,,,,27,m,18,r,120.004735231,MaskierungsExperimentExpra,2017_Jan_12_1846,
0.017,2,1.017,,,,,,,,,0,0,0,0,9,0,45,3,,,,,,,90,s,s,1,1.29180577464,-1.0,0.58276495156,,,,,27,m,18,r,120.004735231,MaskierungsExperimentExpra,2017_Jan_12_1846,
0.033,4,1.033,,,,,,,,,0,0,0,0,9,1,46,2,,,,,,,0,a,a,1,1.65006642215,-1.52590218967e-05,1.52441386983,,,,,27,m,18,r,120.004735231,MaskierungsExperimentExpra,2017_Jan_12_1846,
0.0083,1,1.0083,,,,,,,,,0,0,0,0,9,2,47,4,,,,,,,90,s,s,1,1.10843476305,-1.0,0.699428939526,,,,,27,m,18,r,120.004735231,MaskierungsExperimentExpra,2017_Jan_12_1846,
0.133,16,1.133,,,,,,,,,0,0,0,0,9,3,48,0,,,,,,,90,s,s,1,1.23348260272,1.0,0.749389753505,,,,,27,m,18,r,120.004735231,MaskierungsExperimentExpra,2017_Jan_12_1846,
0.017,2,1.017,,,,,,,,,0,0,0,0,9,4,49,3,,,,,,,90,s,a,0,1.45014585284,-1.0,0.607716646729,,,,,27,m,18,r,120.004735231,MaskierungsExperimentExpra,2017_Jan_12_1846,
0.0083,1,1.0083,,,,,,,,,0,0,0,0,10,0,50,4,,,,,,,90,s,s,1,1.05845919216,-1.0,0.549447048826,,,,,27,m,18,r,120.004735231,MaskierungsExperimentExpra,2017_Jan_12_1846,
0.033,4,1.033,,,,,,,,,0,0,0,0,10,1,51,2,,,,,,,90,s,s,1,2.07505590785,-0.0390783550774,0.641171211315,,,,,27,m,18,r,120.004735231,MaskierungsExperimentExpra,2017_Jan_12_1846,
0.017,2,1.017,,,,,,,,,0,0,0,0,10,2,52,3,,,,,,,0,a,a,1,0.925157425791,-1.0,0.624411848775,,,,,27,m,18,r,120.004735231,MaskierungsExperimentExpra,2017_Jan_12_1846,
0.033,4,1.033,,,,,,,,,0,0,0,0,10,3,53,2,,,,,,,90,s,s,1,3.07498821853,-1.0,1.25773077808,,,,,27,m,18,r,120.004735231,MaskierungsExperimentExpra,2017_Jan_12_1846,
0.033,4,1.033,,,,,,,,,0,0,0,0,10,4,54,2,,,,,,,90,s,a,0,1.70841814549,-0.453147173266,1.96601450733,,,,,27,m,18,r,120.004735231,MaskierungsExperimentExpra,2017_Jan_12_1846,
0.017,2,1.017,,,,,,,,,0,0,0,0,11,0,55,3,,,,,,,0,a,s,0,0.991819537063,-1.0,0.566080335996,,,,,27,m,18,r,120.004735231,MaskierungsExperimentExpra,2017_Jan_12_1846,
0.067,8,1.067,,,,,,,,,0,0,0,0,11,1,56,1,,,,,,,0,a,a,1,1.4584065164,-0.0859540703441,1.27441218562,,,,,27,m,18,r,120.004735231,MaskierungsExperimentExpra,2017_Jan_12_1846,
0.0083,1,1.0083,,,,,,,,,0,0,0,0,11,2,57,4,,,,,,,90,s,s,1,1.0085134559,-0.523460746166,0.691043804615,,,,,27,m,18,r,120.004735231,MaskierungsExperimentExpra,2017_Jan_12_1846,
0.0083,1,1.0083,,,,,,,,,0,0,0,0,11,3,58,4,,,,,,,0,a,a,1,1.4917468753,-1.0,0.549439670369,,,,,27,m,18,r,120.004735231,MaskierungsExperimentExpra,2017_Jan_12_1846,
0.0083,1,1.0083,,,,,,,,,0,0,0,0,11,4,59,4,,,,,,,0,a,a,1,1.17513376661,-1.0,1.24934596397,,,,,27,m,18,r,120.004735231,MaskierungsExperimentExpra,2017_Jan_12_1846,
0.133,16,1.133,,,,,,,,,1,0,1,0,0,0,0,0,,,,,,,90,s,s,1,0.983416758015,1.0,1.09096546465,,,,,27,m,18,r,120.004735231,MaskierungsExperimentExpra,2017_Jan_12_1846,
0.067,8,1.067,,,,,,,,,1,0,1,0,0,1,1,1,,,,,,,90,s,s,1,0.841840854387,1.0,1.18268994794,,,,,27,m,18,r,120.004735231,MaskierungsExperimentExpra,2017_Jan_12_1846,
0.067,8,1.067,,,,,,,,,1,0,1,0,0,2,2,1,,,,,,,90,s,s,1,0.791855017816,1.0,0.741069741494,,,,,27,m,18,r,120.004735231,MaskierungsExperimentExpra,2017_Jan_12_1846,
0.067,8,1.067,,,,,,,,,1,0,1,0,0,3,3,1,,,,,,,90,s,s,1,0.666786005185,1.0,0.724463722534,,,,,27,m,18,r,120.004735231,MaskierungsExperimentExpra,2017_Jan_12_1846,
0.067,8,1.067,,,,,,,,,1,0,1,0,0,4,4,1,,,,,,,90,s,s,1,1.05013180169,0.650782024872,0.766089446786,,,,,27,m,18,r,120.004735231,MaskierungsExperimentExpra,2017_Jan_12_1846,
0.033,4,1.033,,,,,,,,,1,0,1,0,1,0,5,2,,,,,,,0,a,a,1,1.77509533447,-0.632837415122,1.14105556203,,,,,27,m,18,r,120.004735231,MaskierungsExperimentExpra,2017_Jan_12_1846,
0.0083,1,1.0083,,,,,,,,,1,0,1,0,1,1,6,4,,,,,,,0,a,s,0,1.69177138461,-1.0,0.791074826213,,,,,27,m,18,r,120.004735231,MaskierungsExperimentExpra,2017_Jan_12_1846,
0.067,8,1.067,,,,,,,,,1,0,1,0,1,2,7,1,,,,,,,0,a,a,1,1.01678598914,0.436514839399,0.891077296392,,,,,27,m,18,r,120.004735231,MaskierungsExperimentExpra,2017_Jan_12_1846,
0.0083,1,1.0083,,,,,,,,,1,0,1,0,1,3,8,4,,,,,,,90,s,a,0,2.30840890637,-1.0,0.524410982608,,,,,27,m,18,r,120.004735231,MaskierungsExperimentExpra,2017_Jan_12_1846,
0.133,16,1.133,,,,,,,,,1,0,1,0,1,4,9,0,,,,,,,90,s,s,1,0.808499212269,1.0,0.616089270344,,,,,27,m,18,r,120.004735231,MaskierungsExperimentExpra,2017_Jan_12_1846,
0.017,2,1.017,,,,,,,,,1,0,1,0,2,0,10,3,,,,,,,0,a,s,0,1.82504524117,-1.0,0.941108686914,,,,,27,m,18,r,120.004735231,MaskierungsExperimentExpra,2017_Jan_12_1846,
0.133,16,1.133,,,,,,,,,1,0,1,0,2,1,11,0,,,,,,,90,s,s,1,1.38343016756,1.0,1.06607664677,,,,,27,m,18,r,120.004735231,MaskierungsExperimentExpra,2017_Jan_12_1846,
0.033,4,1.033,,,,,,,,,1,0,1,0,2,2,12,2,,,,,,,90,s,s,1,0.958517995254,0.444449530785,1.68266572736,,,,,27,m,18,r,120.004735231,MaskierungsExperimentExpra,2017_Jan_12_1846,
0.017,2,1.017,,,,,,,,,1,0,1,0,2,3,13,3,,,,,,,90,s,a,0,0.71686070404,-1.0,0.607738461297,,,,,27,m,18,r,120.004735231,MaskierungsExperimentExpra,2017_Jan_12_1846,
0.017,2,1.017,,,,,,,,,1,0,1,0,2,4,14,3,,,,,,,0,a,a,1,0.816813449836,-1.0,0.524499844892,,,,,27,m,18,r,120.004735231,MaskierungsExperimentExpra,2017_Jan_12_1846,
0.033,4,1.033,,,,,,,,,1,0,1,0,3,0,15,2,,,,,,,90,s,s,1,1.75004900258,0.547600518807,0.59944892552,,,,,27,m,18,r,120.004735231,MaskierungsExperimentExpra,2017_Jan_12_1846,
0.033,4,1.033,,,,,,,,,1,0,1,0,3,1,16,2,,,,,,,90,s,s,1,2.20005434394,-0.0625162127108,0.757755640269,,,,,27,m,18,r,120.004735231,MaskierungsExperimentExpra,2017_Jan_12_1846,
0.0083,1,1.0083,,,,,,,,,1,0,1,0,3,2,17,4,,,,,,,0,a,a,1,2.60007641515,-1.0,0.757704311874,,,,,27,m,18,r,120.004735231,MaskierungsExperimentExpra,2017_Jan_12_1846,
0.033,4,1.033,,,,,,,,,1,0,1,0,3,3,18,2,,,,,,,90,s,a,0,2.19172919909,-1.0,1.61605815251,,,,,27,m,18,r,120.004735231,MaskierungsExperimentExpra,2017_Jan_12_1846,
0.067,8,1.067,,,,,,,,,1,0,1,0,3,4,19,1,,,,,,,90,s,s,1,0.775187404782,0.420614938582,0.82439304975,,,,,27,m,18,r,120.004735231,MaskierungsExperimentExpra,2017_Jan_12_1846,
0.033,4,1.033,,,,,,,,,1,0,1,0,4,0,20,2,,,,,,,90,s,s,1,0.783525060928,0.460318913558,0.624393242232,,,,,27,m,18,r,120.004735231,MaskierungsExperimentExpra,2017_Jan_12_1846,
0.017,2,1.017,,,,,,,,,1,0,1,0,4,1,21,3,,,,,,,90,s,a,0,0.950147617256,-0.500022888533,0.766071481848,,,,,27,m,18,r,120.004735231,MaskierungsExperimentExpra,2017_Jan_12_1846,
0.133,16,1.133,,,,,,,,,1,0,1,0,4,2,22,0,,,,,,,90,s,s,1,0.783469241299,0.825375753414,0.71610040219,,,,,27,m,18,r,120.004735231,MaskierungsExperimentExpra,2017_Jan_12_1846,
0.0083,1,1.0083,,,,,,,,,1,0,1,0,4,3,23,4,,,,,,,90,s,a,0,1.1167717776,-1.0,0.499466024292,,,,,27,m,18,r,120.004735231,MaskierungsExperimentExpra,2017_Jan_12_1846,
0.017,2,1.017,,,,,,,,,1,0,1,0,4,4,24,3,,,,,,,0,a,a,1,2.06671632689,-1.0,0.58277265082,,,,,27,m,18,r,120.004735231,MaskierungsExperimentExpra,2017_Jan_12_1846,
0.133,16,1.133,,,,,,,,,1,0,1,0,5,0,25,0,,,,,,,0,a,a,1,0.716802638793,1.0,0.774431914969,,,,,27,m,18,r,120.004735231,MaskierungsExperimentExpra,2017_Jan_12_1846,
0.067,8,1.067,,,,,,,,,1,0,1,0,5,1,26,1,,,,,,,90,s,s,1,0.725014219569,1.0,0.516221537202,,,,,27,m,18,r,120.004735231,MaskierungsExperimentExpra,2017_Jan_12_1846,
0.0083,1,1.0083,,,,,,,,,1,0,1,0,5,2,27,4,,,,,,,90,s,a,0,0.666799478888,-1.0,0.424455991195,,,,,27,m,18,r,120.004735231,MaskierungsExperimentExpra,2017_Jan_12_1846,
0.0083,1,1.0083,,,,,,,,,1,0,1,0,5,3,28,4,,,,,,,90,s,a,0,1.55844331244,-1.0,0.507775129019,,,,,27,m,18,r,120.004735231,MaskierungsExperimentExpra,2017_Jan_12_1846,
0.133,16,1.133,,,,,,,,,1,0,1,0,5,4,29,0,,,,,,,0,a,a,1,0.891648324786,1.0,0.566240416427,,,,,27,m,18,r,120.004735231,MaskierungsExperimentExpra,2017_Jan_12_1846,
0.0083,1,1.0083,,,,,,,,,1,0,1,0,6,0,30,4,,,,,,,90,s,a,0,1.35841302869,-1.0,0.732773468866,,,,,27,m,18,r,120.004735231,MaskierungsExperimentExpra,2017_Jan_12_1846,
0.017,2,1.017,,,,,,,,,1,0,1,0,6,1,31,3,,,,,,,0,a,s,0,1.00017387494,-1.0,0.591058016164,,,,,27,m,18,r,120.004735231,MaskierungsExperimentExpra,2017_Jan_12_1846,
0.133,16,1.133,,,,,,,,,1,0,1,0,6,2,32,0,,,,,,,0,a,a,1,0.816769179095,1.0,0.641137206253,,,,,27,m,18,r,120.004735231,MaskierungsExperimentExpra,2017_Jan_12_1846,
0.0083,1,1.0083,,,,,,,,,1,0,1,0,6,3,33,4,,,,,,,0,a,a,1,1.05012923527,-1.0,1.09105400613,,,,,27,m,18,r,120.004735231,MaskierungsExperimentExpra,2017_Jan_12_1846,
0.033,4,1.033,,,,,,,,,1,0,1,0,6,4,34,2,,,,,,,90,s,a,0,1.55840224972,-1.52590218967e-05,0.691104757084,,,,,27,m,18,r,120.004735231,MaskierungsExperimentExpra,2017_Jan_12_1846,
0.017,2,1.017,,,,,,,,,1,0,1,0,7,0,35,3,,,,,,,90,s,s,1,1.6084012392,-0.468772411688,0.666084089384,,,,,27,m,18,r,120.004735231,MaskierungsExperimentExpra,2017_Jan_12_1846,
0.0083,1,1.0083,,,,,,,,,1,0,1,0,7,1,36,4,,,,,,,90,s,a,0,0.875164531566,-0.992217898833,0.591079509929,,,,,27,m,18,r,120.004735231,MaskierungsExperimentExpra,2017_Jan_12_1846,
0.017,2,1.017,,,,,,,,,1,0,1,0,7,2,37,3,,,,,,,0,a,a,1,1.53346659468,-1.0,0.666060991607,,,,,27,m,18,r,120.004735231,MaskierungsExperimentExpra,2017_Jan_12_1846,
0.133,16,1.133,,,,,,,,,1,0,1,0,7,3,38,0,,,,,,,90,s,s,1,0.700133742549,1.0,0.732803303496,,,,,27,m,18,r,120.004735231,MaskierungsExperimentExpra,2017_Jan_12_1846,
0.067,8,1.067,,,,,,,,,1,0,1,0,7,4,39,1,,,,,,,90,s,s,1,0.900149910993,0.34126802472,1.52435965421,,,,,27,m,18,r,120.004735231,MaskierungsExperimentExpra,2017_Jan_12_1846,
0.067,8,1.067,,,,,,,,,1,0,1,0,8,0,40,1,,,,,,,90,s,s,1,0.858546642914,0.674586099031,0.616036017135,,,,,27,m,18,r,120.004735231,MaskierungsExperimentExpra,2017_Jan_12_1846,
0.017,2,1.017,,,,,,,,,1,0,1,0,8,1,41,3,,,,,,,0,a,a,1,0.716858458422,-0.921904325933,0.591064432213,,,,,27,m,18,r,120.004735231,MaskierungsExperimentExpra,2017_Jan_12_1846,
0.0083,1,1.0083,,,,,,,,,1,0,1,0,8,2,42,4,,,,,,,90,s,s,1,1.42507963119,-1.0,0.657780759102,,,,,27,m,18,r,120.004735231,MaskierungsExperimentExpra,2017_Jan_12_1846,
0.133,16,1.133,,,,,,,,,1,0,1,0,8,3,43,0,,,,,,,90,s,s,1,0.691846131587,1.0,1.19104075699,,,,,27,m,18,r,120.004735231,MaskierungsExperimentExpra,2017_Jan_12_1846,
0.133,16,1.133,,,,,,,,,1,0,1,0,8,4,44,0,,,,,,,0,a,a,1,0.716835681447,1.0,0.557719582071,,,,,27,m,18,r,120.004735231,MaskierungsExperimentExpra,2017_Jan_12_1846,
0.067,8,1.067,,,,,,,,,1,0,1,0,9,0,45,1,,,,,,,90,s,s,1,0.758515300513,1.0,0.741056588593,,,,,27,m,18,r,120.004735231,MaskierungsExperimentExpra,2017_Jan_12_1846,
0.133,16,1.133,,,,,,,,,1,0,1,0,9,1,46,0,,,,,,,90,s,s,1,0.591810939557,1.0,0.824436037281,,,,,27,m,18,r,120.004735231,MaskierungsExperimentExpra,2017_Jan_12_1846,
0.033,4,1.033,,,,,,,,,1,0,1,0,9,2,47,2,,,,,,,90,s,a,0,0.900169159141,-1.0,0.866065931965,,,,,27,m,18,r,120.004735231,MaskierungsExperimentExpra,2017_Jan_12_1846,
0.033,4,1.033,,,,,,,,,1,0,1,0,9,3,48,2,,,,,,,90,s,s,1,0.775178422313,0.134905012589,0.816044165517,,,,,27,m,18,r,120.004735231,MaskierungsExperimentExpra,2017_Jan_12_1846,
0.017,2,1.017,,,,,,,,,1,0,1,0,9,4,49,3,,,,,,,0,a,a,1,1.28349378269,-1.0,0.724365877781,,,,,27,m,18,r,120.004735231,MaskierungsExperimentExpra,2017_Jan_12_1846,
0.017,2,1.017,,,,,,,,,1,0,1,0,10,0,50,3,,,,,,,90,s,a,0,1.10011763826,-0.945342183566,0.807767141037,,,,,27,m,18,r,120.004735231,MaskierungsExperimentExpra,2017_Jan_12_1846,
0.067,8,1.067,,,,,,,,,1,0,1,0,10,1,51,1,,,,,,,0,a,a,1,0.950092439231,1.0,2.10769210534,,,,,27,m,18,r,120.004735231,MaskierungsExperimentExpra,2017_Jan_12_1846,
0.133,16,1.133,,,,,,,,,1,0,1,0,10,2,52,0,,,,,,,0,a,a,1,0.675159270405,1.0,0.557747171084,,,,,27,m,18,r,120.004735231,MaskierungsExperimentExpra,2017_Jan_12_1846,
0.033,4,1.033,,,,,,,,,1,0,1,0,10,3,53,2,,,,,,,90,s,s,1,2.53340692542,-1.52590218967e-05,1.13262070273,,,,,27,m,18,r,120.004735231,MaskierungsExperimentExpra,2017_Jan_12_1846,
0.017,2,1.017,,,,,,,,,1,0,1,0,10,4,54,3,,,,,,,90,s,a,0,1.00011805531,-1.0,0.61610563127,,,,,27,m,18,r,120.004735231,MaskierungsExperimentExpra,2017_Jan_12_1846,
0.0083,1,1.0083,,,,,,,,,1,0,1,0,11,0,55,4,,,,,,,90,s,a,0,2.31666219147,-1.0,0.599493196261,,,,,27,m,18,r,120.004735231,MaskierungsExperimentExpra,2017_Jan_12_1846,
0.0083,1,1.0083,,,,,,,,,1,0,1,0,11,1,56,4,,,,,,,90,s,a,0,0.808472264862,-1.0,0.641036153476,,,,,27,m,18,r,120.004735231,MaskierungsExperimentExpra,2017_Jan_12_1846,
0.033,4,1.033,,,,,,,,,1,0,1,0,11,2,57,2,,,,,,,90,s,a,0,0.9501533917,-1.0,0.574397460784,,,,,27,m,18,r,120.004735231,MaskierungsExperimentExpra,2017_Jan_12_1846,
0.067,8,1.067,,,,,,,,,1,0,1,0,11,3,58,1,,,,,,,0,a,a,1,1.12512900269,0.53966582742,0.724442549571,,,,,27,m,18,r,120.004735231,MaskierungsExperimentExpra,2017_Jan_12_1846,
0.033,4,1.033,,,,,,,,,1,0,1,0,11,4,59,2,,,,,,,90,s,a,0,1.05016965639,0.396810864424,0.582736720943,,,,,27,m,18,r,120.004735231,MaskierungsExperimentExpra,2017_Jan_12_1846,
0.033,4,1.033,,,,,,,,,2,0,2,0,0,0,0,2,,,,,,,90,s,a,0,0.808467452825,-1.0,0.690949167887,,,,,27,m,18,r,120.004735231,MaskierungsExperimentExpra,2017_Jan_12_1846,
0.0083,1,1.0083,,,,,,,,,2,0,2,0,0,1,1,4,,,,,,,0,a,a,1,0.958448381119,-1.0,0.707784239809,,,,,27,m,18,r,120.004735231,MaskierungsExperimentExpra,2017_Jan_12_1846,
0.133,16,1.133,,,,,,,,,2,0,2,0,0,2,2,0,,,,,,,0,a,a,1,0.791787649297,1.0,0.616126162628,,,,,27,m,18,r,120.004735231,MaskierungsExperimentExpra,2017_Jan_12_1846,
0.017,2,1.017,,,,,,,,,2,0,2,0,0,3,3,3,,,,,,,0,a,s,0,1.11684299574,-1.0,0.732723102878,,,,,27,m,18,r,120.004735231,MaskierungsExperimentExpra,2017_Jan_12_1846,
0.067,8,1.067,,,,,,,,,2,0,2,0,0,4,4,1,,,,,,,90,s,s,1,0.98346808641,0.761898222324,0.632762978625,,,,,27,m,18,r,120.004735231,MaskierungsExperimentExpra,2017_Jan_12_1846,
0.067,8,1.067,,,,,,,,,2,0,2,0,1,0,5,1,,,,,,,0,a,a,1,0.74184127143,1.0,0.53275184678,,,,,27,m,18,r,120.004735231,MaskierungsExperimentExpra,2017_Jan_12_1846,
0.133,16,1.133,,,,,,,,,2,0,2,0,1,1,6,0,,,,,,,0,a,a,1,0.608535334628,1.0,0.532783927026,,,,,27,m,18,r,120.004735231,MaskierungsExperimentExpra,2017_Jan_12_1846,
0.0083,1,1.0083,,,,,,,,,2,0,2,0,1,2,7,4,,,,,,,90,s,a,0,1.22517702682,-1.0,0.791017402571,,,,,27,m,18,r,120.004735231,MaskierungsExperimentExpra,2017_Jan_12_1846,
0.033,4,1.033,,,,,,,,,2,0,2,0,1,3,8,2,,,,,,,0,a,a,1,1.84174397204,0.0634927901122,0.607750010186,,,,,27,m,18,r,120.004735231,MaskierungsExperimentExpra,2017_Jan_12_1846,
0.133,16,1.133,,,,,,,,,2,0,2,0,1,4,9,0,,,,,,,90,s,s,1,0.683471262354,1.0,0.424469464898,,,,,27,m,18,r,120.004735231,MaskierungsExperimentExpra,2017_Jan_12_1846,
0.017,2,1.017,,,,,,,,,2,0,2,0,2,0,10,3,,,,,,,90,s,a,0,1.11675188784,-0.539085984588,1.24107663875,,,,,27,m,18,r,120.004735231,MaskierungsExperimentExpra,2017_Jan_12_1846,
0.067,8,1.067,,,,,,,,,2,0,2,0,2,1,11,1,,,,,,,90,s,a,0,0.783479186175,-1.0,1.44937432291,,,,,27,m,18,r,120.004735231,MaskierungsExperimentExpra,2017_Jan_12_1846,
0.133,16,1.133,,,,,,,,,2,0,2,0,2,2,12,0,,,,,,,90,s,s,1,0.958519278464,1.0,1.8326527509,,,,,27,m,18,r,120.004735231,MaskierungsExperimentExpra,2017_Jan_12_1846,
0.033,4,1.033,,,,,,,,,2,0,2,0,2,3,13,2,,,,,,,90,s,a,0,0.908469923004,0.682520790417,1.2994043019,,,,,27,m,18,r,120.004735231,MaskierungsExperimentExpra,2017_Jan_12_1846,
0.033,4,1.033,,,,,,,,,2,0,2,0,2,4,14,2,,,,,,,0,a,a,1,2.89998886815,-0.679713130388,1.76607148185,,,,,27,m,18,r,120.004735231,MaskierungsExperimentExpra,2017_Jan_12_1846,
0.133,16,1.133,,,,,,,,,2,0,2,0,3,0,15,0,,,,,,,90,s,s,1,0.758509526069,1.0,0.682741115937,,,,,27,m,18,r,120.004735231,MaskierungsExperimentExpra,2017_Jan_12_1846,
0.133,16,1.133,,,,,,,,,2,0,2,0,3,1,16,0,,,,,,,90,s,s,1,0.850214119607,1.0,0.766046138453,,,,,27,m,18,r,120.004735231,MaskierungsExperimentExpra,2017_Jan_12_1846,
0.067,8,1.067,,,,,,,,,2,0,2,0,3,2,17,1,,,,,,,90,s,s,1,0.733481479913,1.0,0.724445115991,,,,,27,m,18,r,120.004735231,MaskierungsExperimentExpra,2017_Jan_12_1846,
0.133,16,1.133,,,,,,,,,2,0,2,0,3,3,18,0,,,,,,,0,a,a,1,0.600127101938,1.0,0.574473811772,,,,,27,m,18,r,120.004735231,MaskierungsExperimentExpra,2017_Jan_12_1846,
0.017,2,1.017,,,,,,,,,2,0,2,0,3,4,19,3,,,,,,,0,a,a,1,1.10011154302,-0.609399557488,1.20770163317,,,,,27,m,18,r,120.004735231,MaskierungsExperimentExpra,2017_Jan_12_1846,
0.033,4,1.033,,,,,,,,,2,0,2,0,4,0,20,2,,,,,,,0,a,a,1,2.47503595394,-0.0234531166552,0.441091844784,,,,,27,m,18,r,120.004735231,MaskierungsExperimentExpra,2017_Jan_12_1846,
0.033,4,1.033,,,,,,,,,2,0,2,0,4,1,21,2,,,,,,,90,s,a,0,1.1168369005,-0.562523842222,1.05771300562,,,,,27,m,18,r,120.004735231,MaskierungsExperimentExpra,2017_Jan_12_1846,
0.017,2,1.017,,,,,,,,,2,0,2,0,4,2,22,3,,,,,,,90,s,a,0,0.750233784799,-1.0,0.832487858429,,,,,27,m,18,r,120.004735231,MaskierungsExperimentExpra,2017_Jan_12_1846,
0.033,4,1.033,,,,,,,,,2,0,2,0,4,3,23,2,,,,,,,0,a,a,1,1.65840119108,-0.242206454566,1.34940136655,,,,,27,m,18,r,120.004735231,MaskierungsExperimentExpra,2017_Jan_12_1846,
0.017,2,1.017,,,,,,,,,2,0,2,0,4,4,24,3,,,,,,,90,s,a,0,0.941830492467,-1.0,0.632735389613,,,,,27,m,18,r,120.004735231,MaskierungsExperimentExpra,2017_Jan_12_1846,
0.067,8,1.067,,,,,,,,,2,0,2,0,5,0,25,1,,,,,,,90,s,s,1,0.83348619571,1.0,0.616084458307,,,,,27,m,18,r,120.004735231,MaskierungsExperimentExpra,2017_Jan_12_1846,
0.017,2,1.017,,,,,,,,,2,0,2,0,5,1,26,3,,,,,,,0,a,a,1,0.891820595711,-1.0,0.907728869303,,,,,27,m,18,r,120.004735231,MaskierungsExperimentExpra,2017_Jan_12_1846,
0.067,8,1.067,,,,,,,,,2,0,2,0,5,2,27,1,,,,,,,90,s,s,1,1.32509191793,1.0,1.19941177659,,,,,27,m,18,r,120.004735231,MaskierungsExperimentExpra,2017_Jan_12_1846,
0.0083,1,1.0083,,,,,,,,,2,0,2,0,5,3,28,4,,,,,,,90,s,a,0,1.40011029189,-1.0,0.716085966079,,,,,27,m,18,r,120.004735231,MaskierungsExperimentExpra,2017_Jan_12_1846,
0.067,8,1.067,,,,,,,,,2,0,2,0,5,4,29,1,,,,,,,90,s,s,1,0.783487847842,1.0,0.874403588111,,,,,27,m,18,r,120.004735231,MaskierungsExperimentExpra,2017_Jan_12_1846,
0.133,16,1.133,,,,,,,,,2,0,2,0,6,0,30,0,,,,,,,0,a,a,1,0.725175262408,1.0,0.591080151534,,,,,27,m,18,r,120.004735231,MaskierungsExperimentExpra,2017_Jan_12_1846,
0.033,4,1.033,,,,,,,,,2,0,2,0,6,1,31,2,,,,,,,0,a,a,1,0.850130069361,-1.0,0.591133404744,,,,,27,m,18,r,120.004735231,MaskierungsExperimentExpra,2017_Jan_12_1846,
0.133,16,1.133,,,,,,,,,2,0,2,0,6,2,32,0,,,,,,,90,s,s,1,0.65844866984,1.0,0.532815044866,,,,,27,m,18,r,120.004735231,MaskierungsExperimentExpra,2017_Jan_12_1846,
0.017,2,1.017,,,,,,,,,2,0,2,0,6,3,33,3,,,,,,,90,s,a,0,1.35846948992,0.746028839551,1.166033563,,,,,27,m,18,r,120.004735231,MaskierungsExperimentExpra,2017_Jan_12_1846,
0.067,8,1.067,,,,,,,,,2,0,2,0,6,4,34,1,,,,,,,0,a,a,1,0.891796856328,1.0,0.482777559097,,,,,27,m,18,r,120.004735231,MaskierungsExperimentExpra,2017_Jan_12_1846,
0.067,8,1.067,,,,,,,,,2,0,2,0,7,0,35,1,,,,,,,0,a,a,1,0.766817668389,1.0,0.541105863852,,,,,27,m,18,r,120.004735231,MaskierungsExperimentExpra,2017_Jan_12_1846,
0.033,4,1.033,,,,,,,,,2,0,2,0,7,1,36,2,,,,,,,90,s,a,0,1.02511530443,1.0,0.607801980185,,,,,27,m,18,r,120.004735231,MaskierungsExperimentExpra,2017_Jan_12_1846,
0.033,4,1.033,,,,,,,,,2,0,2,0,7,2,37,2,,,,,,,90,s,a,0,1.475069959,-0.828152895399,0.632746296897,,,,,27,m,18,r,120.004735231,MaskierungsExperimentExpra,2017_Jan_12_1846,
0.017,2,1.017,,,,,,,,,2,0,2,0,7,3,38,3,,,,,,,90,s,a,0,0.758463651316,-1.0,0.416116089431,,,,,27,m,18,r,120.004735231,MaskierungsExperimentExpra,2017_Jan_12_1846,
0.0083,1,1.0083,,,,,,,,,2,0,2,0,7,4,39,4,,,,,,,0,a,a,1,0.683458109453,-1.0,0.76610163728,,,,,27,m,18,r,120.004735231,MaskierungsExperimentExpra,2017_Jan_12_1846,
0.0083,1,1.0083,,,,,,,,,2,0,2,0,8,0,40,4,,,,,,,90,s,s,1,2.20005947678,-1.0,0.674414367074,,,,,27,m,18,r,120.004735231,MaskierungsExperimentExpra,2017_Jan_12_1846,
0.133,16,1.133,,,,,,,,,2,0,2,0,8,1,41,0,,,,,,,0,a,a,1,0.825128329007,1.0,0.491151145121,,,,,27,m,18,r,120.004735231,MaskierungsExperimentExpra,2017_Jan_12_1846,
0.067,8,1.067,,,,,,,,,2,0,2,0,8,2,42,1,,,,,,,0,a,a,1,1.05847651549,0.293659876402,0.599381877804,,,,,27,m,18,r,120.004735231,MaskierungsExperimentExpra,2017_Jan_12_1846,
0.0083,1,1.0083,,,,,,,,,2,0,2,0,8,3,43,4,,,,,,,90,s,a,0,0.608523144134,-1.0,0.416098766098,,,,,27,m,18,r,120.004735231,MaskierungsExperimentExpra,2017_Jan_12_1846,
0.133,16,1.133,,,,,,,,,2,0,2,0,8,4,44,0,,,,,,,90,s,s,1,0.975144545572,1.0,0.641073687364,,,,,27,m,18,r,120.004735231,MaskierungsExperimentExpra,2017_Jan_12_1846,
0.0083,1,1.0083,,,,,,,,,2,0,2,0,9,0,45,4,,,,,,,0,a,a,1,1.40008366528,-1.0,0.491122272898,,,,,27,m,18,r,120.004735231,MaskierungsExperimentExpra,2017_Jan_12_1846,
0.0083,1,1.0083,,,,,,,,,2,0,2,0,9,1,46,4,,,,,,,0,a,a,1,0.975115352547,-1.0,0.549443840801,,,,,27,m,18,r,120.004735231,MaskierungsExperimentExpra,2017_Jan_12_1846,
0.0083,1,1.0083,,,,,,,,,2,0,2,0,9,2,47,4,,,,,,,0,a,s,0,0.858544397297,-1.0,0.632697534922,,,,,27,m,18,r,120.004735231,MaskierungsExperimentExpra,2017_Jan_12_1846,
0.033,4,1.033,,,,,,,,,2,0,2,0,9,3,48,2,,,,,,,0,a,a,1,2.70001312082,-1.0,0.491118423269,,,,,27,m,18,r,120.004735231,MaskierungsExperimentExpra,2017_Jan_12_1846,
0.133,16,1.133,,,,,,,,,2,0,2,0,9,4,49,0,,,,,,,90,s,s,1,1.26675559311,1.0,2.65766719503,,,,,27,m,18,r,120.004735231,MaskierungsExperimentExpra,2017_Jan_12_1846,
0.0083,1,1.0083,,,,,,,,,2,0,2,0,10,0,50,4,,,,,,,90,s,a,0,0.700181221314,-1.0,0.449420518462,,,,,27,m,18,r,120.004735231,MaskierungsExperimentExpra,2017_Jan_12_1846,
0.067,8,1.067,,,,,,,,,2,0,2,0,10,1,51,1,,,,,,,0,a,a,1,0.158578755241,-0.828152895399,1.69098028573,,,,,27,m,18,r,120.004735231,MaskierungsExperimentExpra,2017_Jan_12_1846,
0.0083,1,1.0083,,,,,,,,,2,0,2,0,10,2,52,4,,,,,,,0,a,a,1,1.59171854845,-1.0,0.749445252332,,,,,27,m,18,r,120.004735231,MaskierungsExperimentExpra,2017_Jan_12_1846,
0.017,2,1.017,,,,,,,,,2,0,2,0,10,3,53,3,,,,,,,0,a,a,1,0.733493670407,-1.0,0.782750002166,,,,,27,m,18,r,120.004735231,MaskierungsExperimentExpra,2017_Jan_12_1846,
0.033,4,1.033,,,,,,,,,2,0,2,0,10,4,54,2,,,,,,,90,s,a,0,1.33343021568,-0.359395742733,0.766082389131,,,,,27,m,18,r,120.004735231,MaskierungsExperimentExpra,2017_Jan_12_1846,
0.017,2,1.017,,,,,,,,,2,0,2,0,11,0,55,3,,,,,,,0,a,a,1,0.875118977615,-1.0,0.649445669375,,,,,27,m,18,r,120.004735231,MaskierungsExperimentExpra,2017_Jan_12_1846,
0.067,8,1.067,,,,,,,,,2,0,2,0,11,1,56,1,,,,,,,0,a,a,1,0.900128096426,0.547600518807,0.774421328488,,,,,27,m,18,r,120.004735231,MaskierungsExperimentExpra,2017_Jan_12_1846,
0.017,2,1.017,,,,,,,,,2,0,2,0,11,2,57,3,,,,,,,90,s,a,0,0.908518684979,-1.0,0.691039634183,,,,,27,m,18,r,120.004735231,MaskierungsExperimentExpra,2017_Jan_12_1846,
0.017,2,1.017,,,,,,,,,2,0,2,0,11,3,58,3,,,,,,,90,s,a,0,0.900108848277,-1.0,0.666129964138,,,,,27,m,18,r,120.004735231,MaskierungsExperimentExpra,2017_Jan_12_1846,
0.0083,1,1.0083,,,,,,,,,2,0,2,0,11,4,59,4,,,,,,,90,s,a,0,0.70019629903,-1.0,0.441059443735,,,,,27,m,18,r,120.004735231,MaskierungsExperimentExpra,2017_Jan_12_1846,
0.0083,1,1.0083,,,,,,,,,3,0,3,0,0,0,0,4,,,,,,,90,s,a,0,1.15011983576,-1.0,0.7826245684,,,,,27,m,18,r,120.004735231,MaskierungsExperimentExpra,2017_Jan_12_1846,
0.133,16,1.133,,,,,,,,,3,0,3,0,0,1,1,0,,,,,,,0,a,a,1,1.25010626582,1.0,0.624418264824,,,,,27,m,18,r,120.004735231,MaskierungsExperimentExpra,2017_Jan_12_1846,
0.017,2,1.017,,,,,,,,,3,0,3,0,0,2,2,3,,,,,,,90,s,a,0,1.52515428193,-1.0,0.499379086823,,,,,27,m,18,r,120.004735231,MaskierungsExperimentExpra,2017_Jan_12_1846,
0.133,16,1.133,,,,,,,,,3,0,3,0,0,3,3,0,,,,,,,90,s,s,1,0.966819079919,1.0,0.499368500341,,,,,27,m,18,r,120.004735231,MaskierungsExperimentExpra,2017_Jan_12_1846,
0.033,4,1.033,,,,,,,,,3,0,3,0,0,4,4,2,,,,,,,90,s,a,0,1.08345515807,-1.0,0.49933321207,,,,,27,m,18,r,120.004735231,MaskierungsExperimentExpra,2017_Jan_12_1846,
0.033,4,1.033,,,,,,,,,3,0,3,0,1,0,5,2,,,,,,,0,a,s,0,1.03349370249,-1.0,0.599408504409,,,,,27,m,18,r,120.004735231,MaskierungsExperimentExpra,2017_Jan_12_1846,
0.133,16,1.133,,,,,,,,,3,0,3,0,1,1,6,0,,,,,,,90,s,s,1,0.766788796166,1.0,0.566133589205,,,,,27,m,18,r,120.004735231,MaskierungsExperimentExpra,2017_Jan_12_1846,
0.033,4,1.033,,,,,,,,,3,0,3,0,1,2,7,2,,,,,,,90,s,a,0,0.95842913297,-0.554711223011,0.84112899371,,,,,27,m,18,r,120.004735231,MaskierungsExperimentExpra,2017_Jan_12_1846,
0.133,16,1.133,,,,,,,,,3,0,3,0,1,3,8,0,,,,,,,90,s,s,1,0.700204319092,1.0,0.566080335996,,,,,27,m,18,r,120.004735231,MaskierungsExperimentExpra,2017_Jan_12_1846,
0.017,2,1.017,,,,,,,,,3,0,3,0,1,4,9,3,,,,,,,0,a,a,1,0.975128184646,-1.0,0.70776755808,,,,,27,m,18,r,120.004735231,MaskierungsExperimentExpra,2017_Jan_12_1846,
0.017,2,1.017,,,,,,,,,3,0,3,0,2,0,10,3,,,,,,,90,s,a,0,1.60839578555,-1.0,0.707785843821,,,,,27,m,18,r,120.004735231,MaskierungsExperimentExpra,2017_Jan_12_1846,
0.033,4,1.033,,,,,,,,,3,0,3,0,2,1,11,2,,,,,,,0,a,s,0,2.21666164611,-0.703150988022,1.26596545663,,,,,27,m,18,r,120.004735231,MaskierungsExperimentExpra,2017_Jan_12_1846,
0.017,2,1.017,,,,,,,,,3,0,3,0,2,2,12,3,,,,,,,90,s,a,0,0.975079422671,-0.992217898833,0.666155628335,,,,,27,m,18,r,120.004735231,MaskierungsExperimentExpra,2017_Jan_12_1846,
0.067,8,1.067,,,,,,,,,3,0,3,0,2,3,13,1,,,,,,,90,s,s,1,1.10010673098,-1.52590218967e-05,0.624440400195,,,,,27,m,18,r,120.004735231,MaskierungsExperimentExpra,2017_Jan_12_1846,
0.067,8,1.067,,,,,,,,,3,0,3,0,2,4,14,1,,,,,,,0,a,a,1,1.19187067298,0.11110093843,1.16600533238,,,,,27,m,18,r,120.004735231,MaskierungsExperimentExpra,2017_Jan_12_1846,
0.033,4,1.033,,,,,,,,,3,0,3,0,3,0,15,2,,,,,,,0,a,a,1,0.733524467444,-1.0,0.457717111892,,,,,27,m,18,r,120.004735231,MaskierungsExperimentExpra,2017_Jan_12_1846,
0.133,16,1.133,,,,,,,,,3,0,3,0,3,1,16,0,,,,,,,90,s,s,1,0.708435148017,0.904753185321,0.541171949161,,,,,27,m,18,r,120.004735231,MaskierungsExperimentExpra,2017_Jan_12_1846,
0.017,2,1.017,,,,,,,,,3,0,3,0,3,2,17,3,,,,,,,0,a,a,1,1.25848530548,-1.0,0.799371098841,,,,,27,m,18,r,120.004735231,MaskierungsExperimentExpra,2017_Jan_12_1846,
0.033,4,1.033,,,,,,,,,3,0,3,0,3,3,18,2,,,,,,,0,a,a,1,2.37506684721,0.428580148013,0.724395070806,,,,,27,m,18,r,120.004735231,MaskierungsExperimentExpra,2017_Jan_12_1846,
0.0083,1,1.0083,,,,,,,,,3,0,3,0,3,4,19,4,,,,,,,90,s,a,0,1.80843216455,-1.0,0.799405745508,,,,,27,m,18,r,120.004735231,MaskierungsExperimentExpra,2017_Jan_12_1846,
0.0083,1,1.0083,,,,,,,,,3,0,3,0,4,0,20,4,,,,,,,90,s,s,1,1.06681481325,-1.0,0.649410381104,,,,,27,m,18,r,120.004735231,MaskierungsExperimentExpra,2017_Jan_12_1846,
0.033,4,1.033,,,,,,,,,3,0,3,0,4,1,21,2,,,,,,,0,a,s,0,0.966851801771,-1.0,0.949356518369,,,,,27,m,18,r,120.004735231,MaskierungsExperimentExpra,2017_Jan_12_1846,
0.067,8,1.067,,,,,,,,,3,0,3,0,4,2,22,1,,,,,,,90,s,s,1,1.23347907389,0.380941481651,0.632749825724,,,,,27,m,18,r,120.004735231,MaskierungsExperimentExpra,2017_Jan_12_1846,
0.133,16,1.133,,,,,,,,,3,0,3,0,4,3,23,0,,,,,,,90,s,s,1,0.850157658373,1.0,1.2243686046,,,,,27,m,18,r,120.004735231,MaskierungsExperimentExpra,2017_Jan_12_1846,
0.033,4,1.033,,,,,,,,,3,0,3,0,4,4,24,2,,,,,,,90,s,a,0,0.950117141021,-1.0,0.691119513997,,,,,27,m,18,r,120.004735231,MaskierungsExperimentExpra,2017_Jan_12_1846,
0.0083,1,1.0083,,,,,,,,,3,0,3,0,5,0,25,4,,,,,,,0,a,a,1,1.30007028782,-1.0,0.799445525014,,,,,27,m,18,r,120.004735231,MaskierungsExperimentExpra,2017_Jan_12_1846,
0.017,2,1.017,,,,,,,,,3,0,3,0,5,1,26,3,,,,,,,0,a,a,1,0.791850205779,-1.0,0.665931708212,,,,,27,m,18,r,120.004735231,MaskierungsExperimentExpra,2017_Jan_12_1846,
0.0083,1,1.0083,,,,,,,,,3,0,3,0,5,2,27,4,,,,,,,0,a,s,0,1.40010804627,-1.0,1.90768427776,,,,,27,m,18,r,120.004735231,MaskierungsExperimentExpra,2017_Jan_12_1846,
0.133,16,1.133,,,,,,,,,3,0,3,0,5,3,28,0,,,,,,,0,a,a,1,1.04174281715,1.0,0.607796205741,,,,,27,m,18,r,120.004735231,MaskierungsExperimentExpra,2017_Jan_12_1846,
0.033,4,1.033,,,,,,,,,3,0,3,0,5,4,29,2,,,,,,,0,a,a,1,0.991807988174,-1.0,0.624435267355,,,,,27,m,18,r,120.004735231,MaskierungsExperimentExpra,2017_Jan_12_1846,
0.133,16,1.133,,,,,,,,,3,0,3,0,6,0,30,0,,,,,,,0,a,a,1,0.841785034757,1.0,0.582753723474,,,,,27,m,18,r,120.004735231,MaskierungsExperimentExpra,2017_Jan_12_1846,
0.067,8,1.067,,,,,,,,,3,0,3,0,6,1,31,1,,,,,,,0,a,a,1,0.900092808154,0.380941481651,1.24108465881,,,,,27,m,18,r,120.004735231,MaskierungsExperimentExpra,2017_Jan_12_1846,
0.017,2,1.017,,,,,,,,,3,0,3,0,6,2,32,3,,,,,,,0,a,a,1,0.733504898493,-1.0,0.649413268326,,,,,27,m,18,r,120.004735231,MaskierungsExperimentExpra,2017_Jan_12_1846,
0.017,2,1.017,,,,,,,,,3,0,3,0,6,3,33,3,,,,,,,90,s,s,1,0.750175077947,-1.0,0.682755231246,,,,,27,m,18,r,120.004735231,MaskierungsExperimentExpra,2017_Jan_12_1846,
0.033,4,1.033,,,,,,,,,3,0,3,0,6,4,34,2,,,,,,,90,s,a,0,0.9167880102,-1.0,1.70770018956,,,,,27,m,18,r,120.004735231,MaskierungsExperimentExpra,2017_Jan_12_1846,
0.017,2,1.017,,,,,,,,,3,0,3,0,7,0,35,3,,,,,,,0,a,s,0,0.950192529601,-1.0,0.549369735431,,,,,27,m,18,r,120.004735231,MaskierungsExperimentExpra,2017_Jan_12_1846,
0.067,8,1.067,,,,,,,,,3,0,3,0,7,1,36,1,,,,,,,0,a,a,1,0.991850975705,0.309529259174,0.499383578057,,,,,27,m,18,r,120.004735231,MaskierungsExperimentExpra,2017_Jan_12_1846,
0.067,8,1.067,,,,,,,,,3,0,3,0,7,2,37,1,,,,,,,0,a,a,1,0.991764679841,0.492057679103,0.549392833209,,,,,27,m,18,r,120.004735231,MaskierungsExperimentExpra,2017_Jan_12_1846,
0.067,8,1.067,,,,,,,,,3,0,3,0,7,3,38,1,,,,,,,0,a,a,1,0.900303575376,0.674586099031,1.39920530813,,,,,27,m,18,r,120.004735231,MaskierungsExperimentExpra,2017_Jan_12_1846,
0.0083,1,1.0083,,,,,,,,,3,0,3,0,7,4,39,4,,,,,,,0,a,s,0,0.550146077404,-1.0,0.5744385235,,,,,27,m,18,r,120.004735231,MaskierungsExperimentExpra,2017_Jan_12_1846,
0.133,16,1.133,,,,,,,,,3,0,3,0,8,0,40,0,,,,,,,90,s,s,1,0.766847182215,1.0,0.491064207652,,,,,27,m,18,r,120.004735231,MaskierungsExperimentExpra,2017_Jan_12_1846,
0.067,8,1.067,,,,,,,,,3,0,3,0,8,1,41,1,,,,,,,90,s,s,1,0.683342941367,1.0,0.541215899099,,,,,27,m,18,r,120.004735231,MaskierungsExperimentExpra,2017_Jan_12_1846,
0.033,4,1.033,,,,,,,,,3,0,3,0,8,2,42,2,,,,,,,0,a,a,1,0.591808373137,-1.0,0.45781688146,,,,,27,m,18,r,120.004735231,MaskierungsExperimentExpra,2017_Jan_12_1846,
0.067,8,1.067,,,,,,,,,3,0,3,0,8,3,43,1,,,,,,,90,s,s,1,0.966795019734,1.0,0.532754092397,,,,,27,m,18,r,120.004735231,MaskierungsExperimentExpra,2017_Jan_12_1846,
0.133,16,1.133,,,,,,,,,3,0,3,0,8,4,44,0,,,,,,,0,a,a,1,0.616881010836,1.0,0.624387467788,,,,,27,m,18,r,120.004735231,MaskierungsExperimentExpra,2017_Jan_12_1846,
0.067,8,1.067,,,,,,,,,3,0,3,0,9,0,45,1,,,,,,,0,a,a,1,1.30845766835,0.936491950866,0.57441510492,,,,,27,m,18,r,120.004735231,MaskierungsExperimentExpra,2017_Jan_12_1846,
0.017,2,1.017,,,,,,,,,3,0,3,0,9,1,46,3,,,,,,,0,a,s,0,0.925153255359,-1.0,0.657731355522,,,,,27,m,18,r,120.004735231,MaskierungsExperimentExpra,2017_Jan_12_1846,
0.067,8,1.067,,,,,,,,,3,0,3,0,9,2,47,1,,,,,,,90,s,s,1,1.07510819865,1.0,0.82444373654,,,,,27,m,18,r,120.004735231,MaskierungsExperimentExpra,2017_Jan_12_1846,
0.133,16,1.133,,,,,,,,,3,0,3,0,9,3,48,0,,,,,,,0,a,a,1,0.741766524455,1.0,0.882767870863,,,,,27,m,18,r,120.004735231,MaskierungsExperimentExpra,2017_Jan_12_1846,
0.0083,1,1.0083,,,,,,,,,3,0,3,0,9,4,49,4,,,,,,,90,s,s,1,1.02517593609,-1.0,0.574407084858,,,,,27,m,18,r,120.004735231,MaskierungsExperimentExpra,2017_Jan_12_1846,
0.0083,1,1.0083,,,,,,,,,3,0,3,0,10,0,50,4,,,,,,,0,a,s,0,0.958496180686,-1.0,0.716067680338,,,,,27,m,18,r,120.004735231,MaskierungsExperimentExpra,2017_Jan_12_1846,
0.017,2,1.017,,,,,,,,,3,0,3,0,10,1,51,3,,,,,,,0,a,s,0,0.900118151549,-1.0,0.557779572133,,,,,27,m,18,r,120.004735231,MaskierungsExperimentExpra,2017_Jan_12_1846,
0.017,2,1.017,,,,,,,,,3,0,3,0,10,2,52,3,,,,,,,0,a,a,1,0.650138923509,-1.0,0.582800881437,,,,,27,m,18,r,120.004735231,MaskierungsExperimentExpra,2017_Jan_12_1846,
0.067,8,1.067,,,,,,,,,3,0,3,0,10,3,53,1,,,,,,,0,a,a,1,0.791802727014,1.0,0.491119385676,,,,,27,m,18,r,120.004735231,MaskierungsExperimentExpra,2017_Jan_12_1846,
0.0083,1,1.0083,,,,,,,,,3,0,3,0,10,4,54,4,,,,,,,90,s,s,1,1.20016181276,-1.0,0.766052875304,,,,,27,m,18,r,120.004735231,MaskierungsExperimentExpra,2017_Jan_12_1846,
0.0083,1,1.0083,,,,,,,,,3,0,3,0,11,0,55,4,,,,,,,0,a,s,0,0.833523729598,-1.0,0.849358539425,,,,,27,m,18,r,120.004735231,MaskierungsExperimentExpra,2017_Jan_12_1846,
0.033,4,1.033,,,,,,,,,3,0,3,0,11,1,56,2,,,,,,,90,s,a,0,1.0916603228,-1.0,0.674537555222,,,,,27,m,18,r,120.004735231,MaskierungsExperimentExpra,2017_Jan_12_1846,
0.0083,1,1.0083,,,,,,,,,3,0,3,0,11,2,57,4,,,,,,,0,a,s,0,1.06687159528,-1.0,0.757698537429,,,,,27,m,18,r,120.004735231,MaskierungsExperimentExpra,2017_Jan_12_1846,
0.0083,1,1.0083,,,,,,,,,3,0,3,0,11,3,58,4,,,,,,,90,s,s,1,3.01671926223,-1.0,4.07414739526,,,,,27,m,18,r,120.004735231,MaskierungsExperimentExpra,2017_Jan_12_1846,
0.133,16,1.133,,,,,,,,,3,0,3,0,11,4,59,0,,,,,,,0,a,s,0,0.866839707518,-1.0,3.55753672466,,,,,27,m,18,r,120.004735231,MaskierungsExperimentExpra,2017_Jan_12_1846,
0.0083,1,1.0083,,,,,,,,,4,0,4,0,0,0,0,4,,,,,,,0,a,a,1,1.31675394098,-1.0,1.46593190069,,,,,27,m,18,r,120.004735231,MaskierungsExperimentExpra,2017_Jan_12_1846,
0.033,4,1.033,,,,,,,,,4,0,4,0,0,1,1,2,,,,,,,0,a,s,0,1.03350108094,-1.0,0.724389617164,,,,,27,m,18,r,120.004735231,MaskierungsExperimentExpra,2017_Jan_12_1846,
0.0083,1,1.0083,,,,,,,,,4,0,4,0,0,2,2,4,,,,,,,0,a,s,0,0.933463964098,-1.0,0.624448741059,,,,,27,m,18,r,120.004735231,MaskierungsExperimentExpra,2017_Jan_12_1846,
0.067,8,1.067,,,,,,,,,4,0,4,0,0,3,3,1,,,,,,,0,a,a,1,0.941801941048,0.412680247196,0.791066164547,,,,,27,m,18,r,120.004735231,MaskierungsExperimentExpra,2017_Jan_12_1846,
0.133,16,1.133,,,,,,,,,4,0,4,0,0,4,4,0,,,,,,,0,a,a,1,0.691794803193,1.0,1.04100432987,,,,,27,m,18,r,120.004735231,MaskierungsExperimentExpra,2017_Jan_12_1846,
0.033,4,1.033,,,,,,,,,4,0,4,0,1,0,5,2,,,,,,,90,s,s,1,1.90007548482,-0.1250171664,1.66600645519,,,,,27,m,18,r,120.004735231,MaskierungsExperimentExpra,2017_Jan_12_1846,
0.067,8,1.067,,,,,,,,,4,0,4,0,1,1,6,1,,,,,,,0,a,a,1,0.750159679428,1.0,0.532763074866,,,,,27,m,18,r,120.004735231,MaskierungsExperimentExpra,2017_Jan_12_1846,
0.033,4,1.033,,,,,,,,,4,0,4,0,1,2,7,2,,,,,,,0,a,s,0,1.34178230794,-0.484397650111,0.999390796113,,,,,27,m,18,r,120.004735231,MaskierungsExperimentExpra,2017_Jan_12_1846,
0.017,2,1.017,,,,,,,,,4,0,4,0,1,3,8,3,,,,,,,0,a,s,0,1.20014384783,-1.0,0.532770774125,,,,,27,m,18,r,120.004735231,MaskierungsExperimentExpra,2017_Jan_12_1846,
0.067,8,1.067,,,,,,,,,4,0,4,0,1,4,9,1,,,,,,,0,a,a,1,2.13344035304,-0.0312657358663,1.09934931635,,,,,27,m,18,r,120.004735231,MaskierungsExperimentExpra,2017_Jan_12_1846,
0.033,4,1.033,,,,,,,,,4,0,4,0,2,0,10,2,,,,,,,0,a,a,1,0.841805886918,0.00794995040818,1.00774962522,,,,,27,m,18,r,120.004735231,MaskierungsExperimentExpra,2017_Jan_12_1846,
0.0083,1,1.0083,,,,,,,,,4,0,4,0,2,1,11,4,,,,,,,0,a,s,0,0.966845385722,-1.0,0.916037011622,,,,,27,m,18,r,120.004735231,MaskierungsExperimentExpra,2017_Jan_12_1846,
0.0083,1,1.0083,,,,,,,,,4,0,4,0,2,2,12,4,,,,,,,90,s,s,1,0.833545864969,-1.0,0.566035102848,,,,,27,m,18,r,120.004735231,MaskierungsExperimentExpra,2017_Jan_12_1846,
0.0083,1,1.0083,,,,,,,,,4,0,4,0,2,3,13,4,,,,,,,90,s,s,1,0.933532936629,-0.820340276188,0.674361434667,,,,,27,m,18,r,120.004735231,MaskierungsExperimentExpra,2017_Jan_12_1846,
0.017,2,1.017,,,,,,,,,4,0,4,0,2,4,14,3,,,,,,,90,s,a,0,2.28336289528,-1.0,0.982750772091,,,,,27,m,18,r,120.004735231,MaskierungsExperimentExpra,2017_Jan_12_1846,
0.017,2,1.017,,,,,,,,,4,0,4,0,3,0,15,3,,,,,,,90,s,s,1,0.891806480402,-1.0,0.632761374613,,,,,27,m,18,r,120.004735231,MaskierungsExperimentExpra,2017_Jan_12_1846,
0.067,8,1.067,,,,,,,,,4,0,4,0,3,1,16,1,,,,,,,0,a,a,1,1.37513068691,0.658716716258,1.03272153095,,,,,27,m,18,r,120.004735231,MaskierungsExperimentExpra,2017_Jan_12_1846,
0.033,4,1.033,,,,,,,,,4,0,4,0,3,2,17,2,,,,,,,0,a,s,0,1.8584414197,0.325398641947,1.0327022828,,,,,27,m,18,r,120.004735231,MaskierungsExperimentExpra,2017_Jan_12_1846,
0.017,2,1.017,,,,,,,,,4,0,4,0,3,3,18,3,,,,,,,0,a,a,1,0.700136629771,-1.0,0.657712748979,,,,,27,m,18,r,120.004735231,MaskierungsExperimentExpra,2017_Jan_12_1846,
0.017,2,1.017,,,,,,,,,4,0,4,0,3,4,19,3,,,,,,,0,a,s,0,0.800127551061,-1.0,0.607814170679,,,,,27,m,18,r,120.004735231,MaskierungsExperimentExpra,2017_Jan_12_1846,
0.033,4,1.033,,,,,,,,,4,0,4,0,4,0,20,2,,,,,,,90,s,s,1,0.716852042373,-1.0,0.632716141465,,,,,27,m,18,r,120.004735231,MaskierungsExperimentExpra,2017_Jan_12_1846,
0.067,8,1.067,,,,,,,,,4,0,4,0,4,1,21,1,,,,,,,0,a,a,1,0.933478079407,0.761898222324,0.916054014153,,,,,27,m,18,r,120.004735231,MaskierungsExperimentExpra,2017_Jan_12_1846,
0.133,16,1.133,,,,,,,,,4,0,4,0,4,2,22,0,,,,,,,90,s,s,1,1.00016777969,1.0,0.666043989076,,,,,27,m,18,r,120.004735231,MaskierungsExperimentExpra,2017_Jan_12_1846,
0.0083,1,1.0083,,,,,,,,,4,0,4,0,4,3,23,4,,,,,,,0,a,a,1,1.25010690742,-1.0,0.649437970116,,,,,27,m,18,r,120.004735231,MaskierungsExperimentExpra,2017_Jan_12_1846,
0.033,4,1.033,,,,,,,,,4,0,4,0,4,4,24,2,,,,,,,90,s,s,1,1.72512040519,0.412680247196,0.582732550511,,,,,27,m,18,r,120.004735231,MaskierungsExperimentExpra,2017_Jan_12_1846,
0.067,8,1.067,,,,,,,,,4,0,4,0,5,0,25,1,,,,,,,0,a,a,1,1.80011471896,0.523796444648,0.974373657241,,,,,27,m,18,r,120.004735231,MaskierungsExperimentExpra,2017_Jan_12_1846,
0.017,2,1.017,,,,,,,,,4,0,4,0,5,1,26,3,,,,,,,0,a,a,1,0.79178925331,-1.0,0.591142708016,,,,,27,m,18,r,120.004735231,MaskierungsExperimentExpra,2017_Jan_12_1846,
0.017,2,1.017,,,,,,,,,4,0,4,0,5,2,27,3,,,,,,,0,a,a,1,0.741771978097,-1.0,0.56616406544,,,,,27,m,18,r,120.004735231,MaskierungsExperimentExpra,2017_Jan_12_1846,
0.067,8,1.067,,,,,,,,,4,0,4,0,5,3,28,1,,,,,,,0,a,a,1,1.10844470793,0.428580148013,0.632776773131,,,,,27,m,18,r,120.004735231,MaskierungsExperimentExpra,2017_Jan_12_1846,
0.133,16,1.133,,,,,,,,,4,0,4,0,5,4,29,0,,,,,,,0,a,a,1,0.850180756151,0.873014419776,0.699397821687,,,,,27,m,18,r,120.004735231,MaskierungsExperimentExpra,2017_Jan_12_1846,
0.067,8,1.067,,,,,,,,,4,0,4,0,6,0,30,1,,,,,,,90,s,s,1,0.750171869922,1.0,0.582749553042,,,,,27,m,18,r,120.004735231,MaskierungsExperimentExpra,2017_Jan_12_1846,
0.067,8,1.067,,,,,,,,,4,0,4,0,6,1,31,1,,,,,,,90,s,s,1,0.708448300918,1.0,0.649486411289,,,,,27,m,18,r,120.004735231,MaskierungsExperimentExpra,2017_Jan_12_1846,
0.0083,1,1.0083,,,,,,,,,4,0,4,0,6,2,32,4,,,,,,,0,a,a,1,0.566720978524,-1.0,0.557802349108,,,,,27,m,18,r,120.004735231,MaskierungsExperimentExpra,2017_Jan_12_1846,
0.133,16,1.133,,,,,,,,,4,0,4,0,6,3,33,0,,,,,,,90,s,s,1,1.00842972646,1.0,0.599453416755,,,,,27,m,18,r,120.004735231,MaskierungsExperimentExpra,2017_Jan_12_1846,
0.133,16,1.133,,,,,,,,,4,0,4,0,6,4,34,0,,,,,,,90,s,s,1,0.566827805746,1.0,0.641105446809,,,,,27,m,18,r,120.004735231,MaskierungsExperimentExpra,2017_Jan_12_1846,
0.033,4,1.033,,,,,,,,,4,0,4,0,7,0,35,2,,,,,,,90,s,s,1,1.02510920918,0.682520790417,0.649426100425,,,,,27,m,18,r,120.004735231,MaskierungsExperimentExpra,2017_Jan_12_1846,
0.017,2,1.017,,,,,,,,,4,0,4,0,7,1,36,3,,,,,,,0,a,a,1,0.650384337397,-1.0,0.72420194772,,,,,27,m,18,r,120.004735231,MaskierungsExperimentExpra,2017_Jan_12_1846,
0.033,4,1.033,,,,,,,,,4,0,4,0,7,2,37,2,,,,,,,90,s,s,1,1.20014160221,0.388876173037,0.557717336454,,,,,27,m,18,r,120.004735231,MaskierungsExperimentExpra,2017_Jan_12_1846,
0.0083,1,1.0083,,,,,,,,,4,0,4,0,7,3,38,4,,,,,,,90,s,a,0,0.616865291515,-1.0,0.541059026692,,,,,27,m,18,r,120.004735231,MaskierungsExperimentExpra,2017_Jan_12_1846,
0.133,16,1.133,,,,,,,,,4,0,4,0,7,4,39,0,,,,,,,0,a,a,1,0.866789662333,1.0,1.51604605825,,,,,27,m,18,r,120.004735231,MaskierungsExperimentExpra,2017_Jan_12_1846,
0.133,16,1.133,,,,,,,,,4,0,4,0,8,0,40,0,,,,,,,90,s,s,1,0.750108992639,1.0,0.599513406816,,,,,27,m,18,r,120.004735231,MaskierungsExperimentExpra,2017_Jan_12_1846,
0.017,2,1.017,,,,,,,,,4,0,4,0,8,1,41,3,,,,,,,90,s,s,1,2.15835996796,-0.0234531166552,0.491170072466,,,,,27,m,18,r,120.004735231,MaskierungsExperimentExpra,2017_Jan_12_1846,
0.133,16,1.133,,,,,,,,,4,0,4,0,8,2,42,0,,,,,,,90,s,s,1,0.725124254816,1.0,0.791151498003,,,,,27,m,18,r,120.004735231,MaskierungsExperimentExpra,2017_Jan_12_1846,
0.0083,1,1.0083,,,,,,,,,4,0,4,0,8,3,43,4,,,,,,,90,s,a,0,0.891774400156,-1.0,0.874436309963,,,,,27,m,18,r,120.004735231,MaskierungsExperimentExpra,2017_Jan_12_1846,
0.033,4,1.033,,,,,,,,,4,0,4,0,8,4,44,2,,,,,,,0,a,a,1,1.56674856754,0.412680247196,0.641112825266,,,,,27,m,18,r,120.004735231,MaskierungsExperimentExpra,2017_Jan_12_1846,
0.0083,1,1.0083,,,,,,,,,4,0,4,0,9,0,45,4,,,,,,,0,a,s,0,0.841783430745,-1.0,0.491089230244,,,,,27,m,18,r,120.004735231,MaskierungsExperimentExpra,2017_Jan_12_1846,
0.017,2,1.017,,,,,,,,,4,0,4,0,9,1,46,3,,,,,,,90,s,s,1,1.64176373347,-0.0234531166552,0.557719902874,,,,,27,m,18,r,120.004735231,MaskierungsExperimentExpra,2017_Jan_12_1846,
0.067,8,1.067,,,,,,,,,4,0,4,0,9,2,47,1,,,,,,,90,s,s,1,0.766824084438,1.0,0.707760821229,,,,,27,m,18,r,120.004735231,MaskierungsExperimentExpra,2017_Jan_12_1846,
0.133,16,1.133,,,,,,,,,4,0,4,0,9,3,48,0,,,,,,,90,s,s,1,0.600135122,1.0,0.674470186704,,,,,27,m,18,r,120.004735231,MaskierungsExperimentExpra,2017_Jan_12_1846,
0.133,16,1.133,,,,,,,,,4,0,4,0,9,4,49,0,,,,,,,90,s,s,1,0.583490606743,1.0,0.57443595708,,,,,27,m,18,r,120.004735231,MaskierungsExperimentExpra,2017_Jan_12_1846,
0.0083,1,1.0083,,,,,,,,,4,0,4,0,10,0,50,4,,,,,,,90,s,a,0,1.20844044126,0.158739604791,0.657776909472,,,,,27,m,18,r,120.004735231,MaskierungsExperimentExpra,2017_Jan_12_1846,
0.067,8,1.067,,,,,,,,,4,0,4,0,10,1,51,1,,,,,,,0,a,a,1,1.25011011545,1.0,0.882756001172,,,,,27,m,18,r,120.004735231,MaskierungsExperimentExpra,2017_Jan_12_1846,
0.017,2,1.017,,,,,,,,,4,0,4,0,10,2,52,3,,,,,,,90,s,s,1,1.29180417062,-1.0,0.816035824653,,,,,27,m,18,r,120.004735231,MaskierungsExperimentExpra,2017_Jan_12_1846,
0.067,8,1.067,,,,,,,,,4,0,4,0,10,3,53,1,,,,,,,90,s,s,1,0.658475938051,1.0,0.507790527537,,,,,27,m,18,r,120.004735231,MaskierungsExperimentExpra,2017_Jan_12_1846,
0.0083,1,1.0083,,,,,,,,,4,0,4,0,10,4,54,4,,,,,,,90,s,a,0,1.10007144271,-1.0,0.607808075432,,,,,27,m,18,r,120.004735231,MaskierungsExperimentExpra,2017_Jan_12_1846,
0.033,4,1.033,,,,,,,,,4,0,4,0,11,0,55,2,,,,,,,90,s,a,0,1.80839463066,-0.0312657358663,0.474424504432,,,,,27,m,18,r,120.004735231,MaskierungsExperimentExpra,2017_Jan_12_1846,
0.133,16,1.133,,,,,,,,,4,0,4,0,11,1,56,0,,,,,,,90,s,s,1,0.758453385637,1.0,0.524504336126,,,,,27,m,18,r,120.004735231,MaskierungsExperimentExpra,2017_Jan_12_1846,
0.133,16,1.133,,,,,,,,,4,0,4,0,11,2,57,0,,,,,,,0,a,a,1,0.825134103452,1.0,0.56611337865,,,,,27,m,18,r,120.004735231,MaskierungsExperimentExpra,2017_Jan_12_1846,
0.033,4,1.033,,,,,,,,,4,0,4,0,11,3,58,2,,,,,,,90,s,s,1,1.00017066691,0.436514839399,0.591063469806,,,,,27,m,18,r,120.004735231,MaskierungsExperimentExpra,2017_Jan_12_1846,
0.017,2,1.017,,,,,,,,,4,0,4,0,11,4,59,3,,,,,,,90,s,a,0,0.600152766135,-1.0,0.532813761656,,,,,27,m,18,r,120.004735231,MaskierungsExperimentExpra,2017_Jan_12_1846,
0.0083,1,1.0083,,,,,,,,,5,0,5,0,0,0,0,4,,,,,,,0,a,a,1,0.783478865373,-1.0,0.749274264617,,,,,27,m,18,r,120.004735231,MaskierungsExperimentExpra,2017_Jan_12_1846,
0.0083,1,1.0083,,,,,,,,,5,0,5,0,0,1,1,4,,,,,,,0,a,a,1,1.86675341165,-1.0,0.841070928463,,,,,27,m,18,r,120.004735231,MaskierungsExperimentExpra,2017_Jan_12_1846,
0.017,2,1.017,,,,,,,,,5,0,5,0,0,2,2,3,,,,,,,90,s,s,1,0.908444900411,-0.0468909742885,0.541112921506,,,,,27,m,18,r,120.004735231,MaskierungsExperimentExpra,2017_Jan_12_1846,
0.017,2,1.017,,,,,,,,,5,0,5,0,0,3,3,3,,,,,,,0,a,a,1,1.32513137663,-0.0468909742885,0.499413412687,,,,,27,m,18,r,120.004735231,MaskierungsExperimentExpra,2017_Jan_12_1846,
0.017,2,1.017,,,,,,,,,5,0,5,0,0,4,4,3,,,,,,,90,s,a,0,0.825121592155,-1.0,0.816087153048,,,,,27,m,18,r,120.004735231,MaskierungsExperimentExpra,2017_Jan_12_1846,
0.017,2,1.017,,,,,,,,,5,0,5,0,1,0,5,3,,,,,,,90,s,s,1,0.900146702969,-1.0,0.482774351073,,,,,27,m,18,r,120.004735231,MaskierungsExperimentExpra,2017_Jan_12_1846,
0.0083,1,1.0083,,,,,,,,,5,0,5,0,1,1,6,4,,,,,,,90,s,a,0,0.683483452848,-1.0,0.557782138553,,,,,27,m,18,r,120.004735231,MaskierungsExperimentExpra,2017_Jan_12_1846,
0.017,2,1.017,,,,,,,,,5,0,5,0,1,2,7,3,,,,,,,90,s,a,0,2.98333527419,-1.0,0.824409089874,,,,,27,m,18,r,120.004735231,MaskierungsExperimentExpra,2017_Jan_12_1846,
0.017,2,1.017,,,,,,,,,5,0,5,0,1,3,8,3,,,,,,,0,a,s,0,0.883478769132,-1.0,0.557763532009,,,,,27,m,18,r,120.004735231,MaskierungsExperimentExpra,2017_Jan_12_1846,
0.133,16,1.133,,,,,,,,,5,0,5,0,1,4,9,0,,,,,,,0,a,a,1,0.94177371043,1.0,1.35772747381,,,,,27,m,18,r,120.004735231,MaskierungsExperimentExpra,2017_Jan_12_1846,
0.017,2,1.017,,,,,,,,,5,0,5,0,2,0,10,3,,,,,,,0,a,a,1,1.22513981374,-1.0,0.53274543073,,,,,27,m,18,r,120.004735231,MaskierungsExperimentExpra,2017_Jan_12_1846,
0.133,16,1.133,,,,,,,,,5,0,5,0,2,1,11,0,,,,,,,90,s,s,1,0.800027139889,1.0,0.591227399867,,,,,27,m,18,r,120.004735231,MaskierungsExperimentExpra,2017_Jan_12_1846,
0.0083,1,1.0083,,,,,,,,,5,0,5,0,2,2,12,4,,,,,,,90,s,s,1,1.93343284626,-0.312520027466,1.44098245114,,,,,27,m,18,r,120.004735231,MaskierungsExperimentExpra,2017_Jan_12_1846,
0.133,16,1.133,,,,,,,,,5,0,5,0,2,3,13,0,,,,,,,90,s,s,1,0.625225403834,1.0,0.499384861267,,,,,27,m,18,r,120.004735231,MaskierungsExperimentExpra,2017_Jan_12_1846,
0.133,16,1.133,,,,,,,,,5,0,5,0,2,4,14,0,,,,,,,90,s,s,1,0.533476218753,1.0,0.482805468912,,,,,27,m,18,r,120.004735231,MaskierungsExperimentExpra,2017_Jan_12_1846,
0.0083,1,1.0083,,,,,,,,,5,0,5,0,3,0,15,4,,,,,,,0,a,s,0,2.12506869183,-0.234393835355,0.941080456297,,,,,27,m,18,r,120.004735231,MaskierungsExperimentExpra,2017_Jan_12_1846,
0.0083,1,1.0083,,,,,,,,,5,0,5,0,3,1,16,4,,,,,,,90,s,s,1,1.98340937956,-0.515648126955,1.26607164225,,,,,27,m,18,r,120.004735231,MaskierungsExperimentExpra,2017_Jan_12_1846,
0.133,16,1.133,,,,,,,,,5,0,5,0,3,2,17,0,,,,,,,90,s,s,1,0.725111101915,1.0,0.499500350156,,,,,27,m,18,r,120.004735231,MaskierungsExperimentExpra,2017_Jan_12_1846,
0.067,8,1.067,,,,,,,,,5,0,5,0,3,3,18,1,,,,,,,90,s,s,1,0.591868363198,1.0,0.457762024238,,,,,27,m,18,r,120.004735231,MaskierungsExperimentExpra,2017_Jan_12_1846,
0.067,8,1.067,,,,,,,,,5,0,5,0,3,4,19,1,,,,,,,90,s,s,1,0.641814099461,1.0,0.71604714898,,,,,27,m,18,r,120.004735231,MaskierungsExperimentExpra,2017_Jan_12_1846,
0.033,4,1.033,,,,,,,,,5,0,5,0,4,0,20,2,,,,,,,0,a,a,1,0.900112056302,-0.0468909742885,1.14943363928,,,,,27,m,18,r,120.004735231,MaskierungsExperimentExpra,2017_Jan_12_1846,
0.017,2,1.017,,,,,,,,,5,0,5,0,4,1,21,3,,,,,,,90,s,a,0,1.19179303878,-1.0,0.741077761556,,,,,27,m,18,r,120.004735231,MaskierungsExperimentExpra,2017_Jan_12_1846,
0.017,2,1.017,,,,,,,,,5,0,5,0,4,2,22,3,,,,,,,90,s,s,1,1.13343393699,-1.0,0.449469922042,,,,,27,m,18,r,120.004735231,MaskierungsExperimentExpra,2017_Jan_12_1846,
0.067,8,1.067,,,,,,,,,5,0,5,0,4,3,23,1,,,,,,,90,s,s,1,1.26680788391,1.0,0.574421841772,,,,,27,m,18,r,120.004735231,MaskierungsExperimentExpra,2017_Jan_12_1846,
0.133,16,1.133,,,,,,,,,5,0,5,0,4,4,24,0,,,,,,,90,s,s,1,0.566775835747,1.0,0.457853452941,,,,,27,m,18,r,120.004735231,MaskierungsExperimentExpra,2017_Jan_12_1846,
0.0083,1,1.0083,,,,,,,,,5,0,5,0,5,0,25,4,,,,,,,0,a,a,1,0.625120501427,-1.0,0.791120700966,,,,,27,m,18,r,120.004735231,MaskierungsExperimentExpra,2017_Jan_12_1846,
0.033,4,1.033,,,,,,,,,5,0,5,0,5,1,26,2,,,,,,,90,s,s,1,0.97501173335,-1.0,0.516214158745,,,,,27,m,18,r,120.004735231,MaskierungsExperimentExpra,2017_Jan_12_1846,
0.033,4,1.033,,,,,,,,,5,0,5,0,5,2,27,2,,,,,,,90,s,a,0,1.98343889339,0.253955901427,0.77437481213,,,,,27,m,18,r,120.004735231,MaskierungsExperimentExpra,2017_Jan_12_1846,
0.067,8,1.067,,,,,,,,,5,0,5,0,5,3,28,1,,,,,,,90,s,s,1,0.916824902484,1.0,0.366099776625,,,,,27,m,18,r,120.004735231,MaskierungsExperimentExpra,2017_Jan_12_1846,
0.033,4,1.033,,,,,,,,,5,0,5,0,5,4,29,2,,,,,,,90,s,a,0,1.80007461865,-1.0,0.707743497895,,,,,27,m,18,r,120.004735231,MaskierungsExperimentExpra,2017_Jan_12_1846,
0.0083,1,1.0083,,,,,,,,,5,0,5,0,6,0,30,4,,,,,,,90,s,s,1,0.833526937623,-1.0,0.424405304405,,,,,27,m,18,r,120.004735231,MaskierungsExperimentExpra,2017_Jan_12_1846,
0.133,16,1.133,,,,,,,,,5,0,5,0,6,1,31,0,,,,,,,0,a,a,1,2.03342601317,1.0,1.291020771,,,,,27,m,18,r,120.004735231,MaskierungsExperimentExpra,2017_Jan_12_1846,
0.133,16,1.133,,,,,,,,,5,0,5,0,6,2,32,0,,,,,,,90,s,s,1,0.691807635291,1.0,0.824462984688,,,,,27,m,18,r,120.004735231,MaskierungsExperimentExpra,2017_Jan_12_1846,
0.133,16,1.133,,,,,,,,,5,0,5,0,6,3,33,0,,,,,,,90,s,s,1,0.691861209303,1.0,0.966035038687,,,,,27,m,18,r,120.004735231,MaskierungsExperimentExpra,2017_Jan_12_1846,
0.033,4,1.033,,,,,,,,,5,0,5,0,6,4,34,2,,,,,,,0,a,a,1,1.35848809646,0.325398641947,1.14936627076,,,,,27,m,18,r,120.004735231,MaskierungsExperimentExpra,2017_Jan_12_1846,
0.033,4,1.033,,,,,,,,,5,0,5,0,7,0,35,2,,,,,,,90,s,s,1,1.78344197309,0.380941481651,0.691083263318,,,,,27,m,18,r,120.004735231,MaskierungsExperimentExpra,2017_Jan_12_1846,
0.067,8,1.067,,,,,,,,,5,0,5,0,7,1,36,1,,,,,,,0,a,a,1,0.733478913493,1.0,0.649444065363,,,,,27,m,18,r,120.004735231,MaskierungsExperimentExpra,2017_Jan_12_1846,
0.133,16,1.133,,,,,,,,,5,0,5,0,7,2,37,0,,,,,,,90,s,s,1,0.61683866491,1.0,0.541108109469,,,,,27,m,18,r,120.004735231,MaskierungsExperimentExpra,2017_Jan_12_1846,
0.0083,1,1.0083,,,,,,,,,5,0,5,0,7,3,38,4,,,,,,,90,s,a,0,0.775139605214,-1.0,0.699435355576,,,,,27,m,18,r,120.004735231,MaskierungsExperimentExpra,2017_Jan_12_1846,
0.033,4,1.033,,,,,,,,,5,0,5,0,7,4,39,2,,,,,,,90,s,a,0,1.20854117323,0.333333333333,1.49096090926,,,,,27,m,18,r,120.004735231,MaskierungsExperimentExpra,2017_Jan_12_1846,
0.017,2,1.017,,,,,,,,,5,0,5,0,8,0,40,3,,,,,,,90,s,a,0,1.77501962509,-1.0,1.18272972745,,,,,27,m,18,r,120.004735231,MaskierungsExperimentExpra,2017_Jan_12_1846,
0.033,4,1.033,,,,,,,,,5,0,5,0,8,1,41,2,,,,,,,90,s,a,0,8.98297629623,-1.0,1.04101010432,,,,,27,m,18,r,120.004735231,MaskierungsExperimentExpra,2017_Jan_12_1846,
0.133,16,1.133,,,,,,,,,5,0,5,0,8,2,42,0,,,,,,,0,a,a,1,1.25847311499,1.0,0.657725581078,,,,,27,m,18,r,120.004735231,MaskierungsExperimentExpra,2017_Jan_12_1846,
0.067,8,1.067,,,,,,,,,5,0,5,0,8,3,43,1,,,,,,,0,a,a,1,0.716771200151,1.0,0.532806704002,,,,,27,m,18,r,120.004735231,MaskierungsExperimentExpra,2017_Jan_12_1846,
0.0083,1,1.0083,,,,,,,,,5,0,5,0,8,4,44,4,,,,,,,0,a,s,0,1.17512510494,-0.578149080644,0.674438427259,,,,,27,m,18,r,120.004735231,MaskierungsExperimentExpra,2017_Jan_12_1846,
0.067,8,1.067,,,,,,,,,5,0,5,0,9,0,45,1,,,,,,,90,s,s,1,1.03350942181,1.0,0.449371435684,,,,,27,m,18,r,120.004735231,MaskierungsExperimentExpra,2017_Jan_12_1846,
0.067,8,1.067,,,,,,,,,5,0,5,0,9,1,46,1,,,,,,,0,a,a,1,0.733471214234,1.0,0.516096745042,,,,,27,m,18,r,120.004735231,MaskierungsExperimentExpra,2017_Jan_12_1846,
0.067,8,1.067,,,,,,,,,5,0,5,0,9,2,47,1,,,,,,,0,a,a,1,0.750126315972,0.984100099184,1.07445023279,,,,,27,m,18,r,120.004735231,MaskierungsExperimentExpra,2017_Jan_12_1846,
0.067,8,1.067,,,,,,,,,5,0,5,0,9,3,48,1,,,,,,,90,s,s,1,0.775138001202,1.0,0.641103201192,,,,,27,m,18,r,120.004735231,MaskierungsExperimentExpra,2017_Jan_12_1846,
0.033,4,1.033,,,,,,,,,5,0,5,0,9,4,49,2,,,,,,,90,s,s,1,1.88344187685,-0.609399557488,0.691043804615,,,,,27,m,18,r,120.004735231,MaskierungsExperimentExpra,2017_Jan_12_1846,
0.067,8,1.067,,,,,,,,,5,0,5,0,10,0,50,1,,,,,,,0,a,a,1,0.616808509478,1.0,0.532749601162,,,,,27,m,18,r,120.004735231,MaskierungsExperimentExpra,2017_Jan_12_1846,
0.067,8,1.067,,,,,,,,,5,0,5,0,10,1,51,1,,,,,,,0,a,a,1,0.666839258394,0.904753185321,0.524410982608,,,,,27,m,18,r,120.004735231,MaskierungsExperimentExpra,2017_Jan_12_1846,
0.033,4,1.033,,,,,,,,,5,0,5,0,10,2,52,2,,,,,,,90,s,s,1,0.775152758115,-0.781277180133,0.499450304971,,,,,27,m,18,r,120.004735231,MaskierungsExperimentExpra,2017_Jan_12_1846,
0.033,4,1.033,,,,,,,,,5,0,5,0,10,3,53,2,,,,,,,90,s,s,1,1.35844767535,0.277759975586,0.874422194655,,,,,27,m,18,r,120.004735231,MaskierungsExperimentExpra,2017_Jan_12_1846,
0.033,4,1.033,,,,,,,,,5,0,5,0,10,4,54,2,,,,,,,90,s,a,0,2.22503683614,-1.0,0.741054663778,,,,,27,m,18,r,120.004735231,MaskierungsExperimentExpra,2017_Jan_12_1846,
0.0083,1,1.0083,,,,,,,,,5,0,5,0,11,0,55,4,,,,,,,0,a,s,0,0.783538534632,-1.0,0.524408416188,,,,,27,m,18,r,120.004735231,MaskierungsExperimentExpra,2017_Jan_12_1846,
0.017,2,1.017,,,,,,,,,5,0,5,0,11,1,56,3,,,,,,,90,s,s,1,0.741811757603,-1.0,0.532786493446,,,,,27,m,18,r,120.004735231,MaskierungsExperimentExpra,2017_Jan_12_1846,
0.133,16,1.133,,,,,,,,,5,0,5,0,11,2,57,0,,,,,,,90,s,s,1,0.775136717992,1.0,1.05777139167,,,,,27,m,18,r,120.004735231,MaskierungsExperimentExpra,2017_Jan_12_1846,
0.017,2,1.017,,,,,,,,,5,0,5,0,11,3,58,3,,,,,,,90,s,s,1,0.716847230336,-1.0,0.582737041746,,,,,27,m,18,r,120.004735231,MaskierungsExperimentExpra,2017_Jan_12_1846,
0.0083,1,1.0083,,,,,,,,,5,0,5,0,11,4,59,4,,,,,,,0,a,s,0,1.25846252851,-1.0,0.474423862827,,,,,27,m,18,r,120.004735231,MaskierungsExperimentExpra,2017_Jan_12_1846,
0.067,8,1.067,,,,,,,,,6,0,6,0,0,0,0,1,,,,,,,0,a,a,1,0.766844936598,0.301594567788,0.765942840058,,,,,27,m,18,r,120.004735231,MaskierungsExperimentExpra,2017_Jan_12_1846,
0.0083,1,1.0083,,,,,,,,,6,0,6,0,0,1,1,4,,,,,,,0,a,s,0,0.716790769102,-1.0,0.624458685935,,,,,27,m,18,r,120.004735231,MaskierungsExperimentExpra,2017_Jan_12_1846,
0.0083,1,1.0083,,,,,,,,,6,0,6,0,0,2,2,4,,,,,,,90,s,s,1,0.841792092412,-1.0,0.616122954604,,,,,27,m,18,r,120.004735231,MaskierungsExperimentExpra,2017_Jan_12_1846,
0.067,8,1.067,,,,,,,,,6,0,6,0,0,3,3,1,,,,,,,90,s,s,1,0.783516399262,0.619043259327,1.11603489433,,,,,27,m,18,r,120.004735231,MaskierungsExperimentExpra,2017_Jan_12_1846,
0.033,4,1.033,,,,,,,,,6,0,6,0,0,4,4,2,,,,,,,0,a,a,1,0.750176361157,1.0,0.657720127436,,,,,27,m,18,r,120.004735231,MaskierungsExperimentExpra,2017_Jan_12_1846,
0.033,4,1.033,,,,,,,,,6,0,6,0,1,0,5,2,,,,,,,90,s,a,0,1.82502599302,0.428580148013,0.816126932554,,,,,27,m,18,r,120.004735231,MaskierungsExperimentExpra,2017_Jan_12_1846,
0.017,2,1.017,,,,,,,,,6,0,6,0,1,1,6,3,,,,,,,90,s,s,1,0.783523136114,-1.0,0.474396273815,,,,,27,m,18,r,120.004735231,MaskierungsExperimentExpra,2017_Jan_12_1846,
0.033,4,1.033,,,,,,,,,6,0,6,0,1,2,7,2,,,,,,,90,s,a,0,2.95831011525,-0.632837415122,0.924456151596,,,,,27,m,18,r,120.004735231,MaskierungsExperimentExpra,2017_Jan_12_1846,
0.067,8,1.067,,,,,,,,,6,0,6,0,1,3,8,1,,,,,,,0,a,a,1,0.950188359169,1.0,0.499412771082,,,,,27,m,18,r,120.004735231,MaskierungsExperimentExpra,2017_Jan_12_1846,
0.017,2,1.017,,,,,,,,,6,0,6,0,1,4,9,3,,,,,,,0,a,s,0,0.750183418811,-1.0,0.707688640673,,,,,27,m,18,r,120.004735231,MaskierungsExperimentExpra,2017_Jan_12_1846,
0.0083,1,1.0083,,,,,,,,,6,0,6,0,2,0,10,4,,,,,,,90,s,a,0,0.741791547047,-1.0,0.457786405225,,,,,27,m,18,r,120.004735231,MaskierungsExperimentExpra,2017_Jan_12_1846,
0.067,8,1.067,,,,,,,,,6,0,6,0,2,1,11,1,,,,,,,0,a,a,1,0.850130710966,0.841245136187,1.09107967033,,,,,27,m,18,r,120.004735231,MaskierungsExperimentExpra,2017_Jan_12_1846,
0.133,16,1.133,,,,,,,,,6,0,6,0,2,2,12,0,,,,,,,90,s,s,1,0.700137271376,1.0,0.482803223295,,,,,27,m,18,r,120.004735231,MaskierungsExperimentExpra,2017_Jan_12_1846,
0.033,4,1.033,,,,,,,,,6,0,6,0,2,3,13,2,,,,,,,90,s,a,0,10.8161333486,-1.0,4.12421920689,,,,,27,m,18,r,120.004735231,MaskierungsExperimentExpra,2017_Jan_12_1846,
0.067,8,1.067,,,,,,,,,6,0,6,0,2,4,14,1,,,,,,,0,a,a,1,0.916796351064,0.452384222171,0.616099215221,,,,,27,m,18,r,120.004735231,MaskierungsExperimentExpra,2017_Jan_12_1846,
0.017,2,1.017,,,,,,,,,6,0,6,0,3,0,15,3,,,,,,,0,a,s,0,0.600166881444,-1.0,1.14107641419,,,,,27,m,18,r,120.004735231,MaskierungsExperimentExpra,2017_Jan_12_1846,
0.017,2,1.017,,,,,,,,,6,0,6,0,3,1,16,3,,,,,,,0,a,s,0,0.875117373603,-1.0,0.516130750104,,,,,27,m,18,r,120.004735231,MaskierungsExperimentExpra,2017_Jan_12_1846,
0.133,16,1.133,,,,,,,,,6,0,6,0,3,2,17,0,,,,,,,90,s,s,1,0.883442839256,0.984100099184,0.63279345486,,,,,27,m,18,r,120.004735231,MaskierungsExperimentExpra,2017_Jan_12_1846,
0.133,16,1.133,,,,,,,,,6,0,6,0,3,3,18,0,,,,,,,0,a,a,1,0.691723585045,1.0,0.474579131222,,,,,27,m,18,r,120.004735231,MaskierungsExperimentExpra,2017_Jan_12_1846,
0.067,8,1.067,,,,,,,,,6,0,6,0,3,4,19,1,,,,,,,90,s,s,1,0.641812495448,1.0,0.616120067381,,,,,27,m,18,r,120.004735231,MaskierungsExperimentExpra,2017_Jan_12_1846,
0.0083,1,1.0083,,,,,,,,,6,0,6,0,4,0,20,4,,,,,,,90,s,a,0,0.683477036799,-1.0,0.641099672364,,,,,27,m,18,r,120.004735231,MaskierungsExperimentExpra,2017_Jan_12_1846,
0.017,2,1.017,,,,,,,,,6,0,6,0,4,1,21,3,,,,,,,0,a,s,0,0.883476523515,-1.0,0.649421288388,,,,,27,m,18,r,120.004735231,MaskierungsExperimentExpra,2017_Jan_12_1846,
0.017,2,1.017,,,,,,,,,6,0,6,0,4,2,22,3,,,,,,,90,s,s,1,0.650159134064,-1.0,0.657791345584,,,,,27,m,18,r,120.004735231,MaskierungsExperimentExpra,2017_Jan_12_1846,
0.033,4,1.033,,,,,,,,,6,0,6,0,4,3,23,2,,,,,,,0,a,a,1,0.766824084438,-0.453147173266,1.01605969236,,,,,27,m,18,r,120.004735231,MaskierungsExperimentExpra,2017_Jan_12_1846,
0.067,8,1.067,,,,,,,,,6,0,6,0,4,4,24,1,,,,,,,90,s,s,1,0.80849536264,1.0,0.574431145043,,,,,27,m,18,r,120.004735231,MaskierungsExperimentExpra,2017_Jan_12_1846,
0.067,8,1.067,,,,,,,,,6,0,6,0,5,0,25,1,,,,,,,90,s,s,1,0.708485193202,0.595239185168,1.20775809441,,,,,27,m,18,r,120.004735231,MaskierungsExperimentExpra,2017_Jan_12_1846,
0.133,16,1.133,,,,,,,,,6,0,6,0,5,1,26,0,,,,,,,0,a,a,1,0.633506919549,1.0,0.516058569548,,,,,27,m,18,r,120.004735231,MaskierungsExperimentExpra,2017_Jan_12_1846,
0.017,2,1.017,,,,,,,,,6,0,6,0,5,2,27,3,,,,,,,90,s,a,0,1.79177225078,-0.703150988022,0.857721218164,,,,,27,m,18,r,120.004735231,MaskierungsExperimentExpra,2017_Jan_12_1846,
0.0083,1,1.0083,,,,,,,,,6,0,6,0,5,3,28,4,,,,,,,90,s,a,0,1.90845516609,-1.0,0.78270124019,,,,,27,m,18,r,120.004735231,MaskierungsExperimentExpra,2017_Jan_12_1846,
0.067,8,1.067,,,,,,,,,6,0,6,0,5,4,29,1,,,,,,,0,a,a,1,0.783474694941,0.619043259327,0.957761863837,,,,,27,m,18,r,120.004735231,MaskierungsExperimentExpra,2017_Jan_12_1846,
0.0083,1,1.0083,,,,,,,,,6,0,6,0,6,0,30,4,,,,,,,0,a,a,1,2.47507701665,-1.0,2.24095858344,,,,,27,m,18,r,120.004735231,MaskierungsExperimentExpra,2017_Jan_12_1846,
0.033,4,1.033,,,,,,,,,6,0,6,0,6,1,31,2,,,,,,,0,a,a,1,0.758447611193,0.253955901427,0.466155179211,,,,,27,m,18,r,120.004735231,MaskierungsExperimentExpra,2017_Jan_12_1846,
0.0083,1,1.0083,,,,,,,,,6,0,6,0,6,2,32,4,,,,,,,90,s,s,1,0.908473131029,-0.781277180133,0.649389849746,,,,,27,m,18,r,120.004735231,MaskierungsExperimentExpra,2017_Jan_12_1846,
0.017,2,1.017,,,,,,,,,6,0,6,0,6,3,33,3,,,,,,,0,a,s,0,1.94174997105,-0.406271458,0.732791754607,,,,,27,m,18,r,120.004735231,MaskierungsExperimentExpra,2017_Jan_12_1846,
0.133,16,1.133,,,,,,,,,6,0,6,0,6,4,34,0,,,,,,,90,s,s,1,0.633479651339,1.0,0.566139684452,,,,,27,m,18,r,120.004735231,MaskierungsExperimentExpra,2017_Jan_12_1846,
0.0083,1,1.0083,,,,,,,,,6,0,6,0,7,0,35,4,,,,,,,0,a,a,1,1.10017955314,-1.0,9.02383401937,,,,,27,m,18,r,120.004735231,MaskierungsExperimentExpra,2017_Jan_12_1846,
0.0083,1,1.0083,,,,,,,,,6,0,6,0,7,1,36,4,,,,,,,0,a,s,0,0.975181758658,-0.578149080644,0.891063822688,,,,,27,m,18,r,120.004735231,MaskierungsExperimentExpra,2017_Jan_12_1846,
0.033,4,1.033,,,,,,,,,6,0,6,0,7,2,37,2,,,,,,,0,a,a,1,0.908466394177,-0.726588845655,1.21608644728,,,,,27,m,18,r,120.004735231,MaskierungsExperimentExpra,2017_Jan_12_1846,
0.067,8,1.067,,,,,,,,,6,0,6,0,7,3,38,1,,,,,,,0,a,a,1,0.80852263085,0.484122987716,1.14935536348,,,,,27,m,18,r,120.004735231,MaskierungsExperimentExpra,2017_Jan_12_1846,
0.0083,1,1.0083,,,,,,,,,6,0,6,0,7,4,39,4,,,,,,,90,s,a,0,0.858495635322,-0.679713130388,0.799408311928,,,,,27,m,18,r,120.004735231,MaskierungsExperimentExpra,2017_Jan_12_1846,
0.033,4,1.033,,,,,,,,,6,0,6,0,8,0,40,2,,,,,,,90,s,s,1,1.6168113967,-0.242206454566,1.22434999806,,,,,27,m,18,r,120.004735231,MaskierungsExperimentExpra,2017_Jan_12_1846,
0.133,16,1.133,,,,,,,,,6,0,6,0,8,1,41,0,,,,,,,90,s,s,1,0.708483268387,1.0,0.532776869372,,,,,27,m,18,r,120.004735231,MaskierungsExperimentExpra,2017_Jan_12_1846,
0.0083,1,1.0083,,,,,,,,,6,0,6,0,8,2,42,4,,,,,,,90,s,a,0,0.66677894753,-1.0,0.516209667511,,,,,27,m,18,r,120.004735231,MaskierungsExperimentExpra,2017_Jan_12_1846,
0.033,4,1.033,,,,,,,,,6,0,6,0,8,3,43,2,,,,,,,0,a,a,1,1.10002300154,0.0555580987259,0.899540707106,,,,,27,m,18,r,120.004735231,MaskierungsExperimentExpra,2017_Jan_12_1846,
0.067,8,1.067,,,,,,,,,6,0,6,0,8,4,44,1,,,,,,,90,s,s,1,0.725159222285,1.0,0.54110041021,,,,,27,m,18,r,120.004735231,MaskierungsExperimentExpra,2017_Jan_12_1846,
0.033,4,1.033,,,,,,,,,6,0,6,0,9,0,45,2,,,,,,,90,s,s,1,0.875195328603,0.357137407492,0.507719309389,,,,,27,m,18,r,120.004735231,MaskierungsExperimentExpra,2017_Jan_12_1846,
0.133,16,1.133,,,,,,,,,6,0,6,0,9,1,46,0,,,,,,,90,s,s,1,0.60851608648,1.0,0.63274533449,,,,,27,m,18,r,120.004735231,MaskierungsExperimentExpra,2017_Jan_12_1846,
0.133,16,1.133,,,,,,,,,6,0,6,0,9,2,47,0,,,,,,,90,s,s,1,0.541814516504,1.0,0.749458405233,,,,,27,m,18,r,120.004735231,MaskierungsExperimentExpra,2017_Jan_12_1846,
0.0083,1,1.0083,,,,,,,,,6,0,6,0,9,3,48,4,,,,,,,0,a,a,1,0.608502612776,-0.648462653544,0.699421881872,,,,,27,m,18,r,120.004735231,MaskierungsExperimentExpra,2017_Jan_12_1846,
0.033,4,1.033,,,,,,,,,6,0,6,0,9,4,49,2,,,,,,,0,a,s,0,1.85007296652,0.206347753109,0.532773661348,,,,,27,m,18,r,120.004735231,MaskierungsExperimentExpra,2017_Jan_12_1846,
0.133,16,1.133,,,,,,,,,6,0,6,0,10,0,50,0,,,,,,,0,a,a,1,0.666810386173,1.0,0.524443383658,,,,,27,m,18,r,120.004735231,MaskierungsExperimentExpra,2017_Jan_12_1846,
0.017,2,1.017,,,,,,,,,6,0,6,0,10,1,51,3,,,,,,,90,s,a,0,1.15010251243,-1.0,4.84084476272,,,,,27,m,18,r,120.004735231,MaskierungsExperimentExpra,2017_Jan_12_1846,
0.017,2,1.017,,,,,,,,,6,0,6,0,10,2,52,3,,,,,,,0,a,s,0,0.716791089904,-1.0,0.641107371624,,,,,27,m,18,r,120.004735231,MaskierungsExperimentExpra,2017_Jan_12_1846,
0.017,2,1.017,,,,,,,,,6,0,6,0,10,3,53,3,,,,,,,0,a,s,0,0.725143182161,-1.0,0.541117733543,,,,,27,m,18,r,120.004735231,MaskierungsExperimentExpra,2017_Jan_12_1846,
0.033,4,1.033,,,,,,,,,6,0,6,0,10,4,54,2,,,,,,,90,s,a,0,0.983455254311,0.0634927901122,0.749453272394,,,,,27,m,18,r,120.004735231,MaskierungsExperimentExpra,2017_Jan_12_1846,
0.133,16,1.133,,,,,,,,,6,0,6,0,11,0,55,0,,,,,,,0,a,a,1,0.700168389215,1.0,0.791092149546,,,,,27,m,18,r,120.004735231,MaskierungsExperimentExpra,2017_Jan_12_1846,
0.133,16,1.133,,,,,,,,,6,0,6,0,11,1,56,0,,,,,,,90,s,s,1,0.683469979144,1.0,0.566152516551,,,,,27,m,18,r,120.004735231,MaskierungsExperimentExpra,2017_Jan_12_1846,
0.133,16,1.133,,,,,,,,,6,0,6,0,11,2,57,0,,,,,,,90,s,s,1,0.616861121083,1.0,0.68276100569,,,,,27,m,18,r,120.004735231,MaskierungsExperimentExpra,2017_Jan_12_1846,
0.067,8,1.067,,,,,,,,,6,0,6,0,11,3,58,1,,,,,,,90,s,s,1,0.6585343241,0.849179827573,0.80771292542,,,,,27,m,18,r,120.004735231,MaskierungsExperimentExpra,2017_Jan_12_1846,
0.017,2,1.017,,,,,,,,,6,0,6,0,11,4,59,3,,,,,,,0,a,a,1,1.95836657649,-1.0,0.499475006761,,,,,27,m,18,r,120.004735231,MaskierungsExperimentExpra,2017_Jan_12_1846,
0.017,2,1.017,,,,,,,,,7,0,7,0,0,0,0,3,,,,,,,90,s,a,0,0.633486388191,-1.0,0.724265145806,,,,,27,m,18,r,120.004735231,MaskierungsExperimentExpra,2017_Jan_12_1846,
0.067,8,1.067,,,,,,,,,7,0,7,0,0,1,1,1,,,,,,,0,a,a,1,0.941839154134,0.666651407645,0.482734250764,,,,,27,m,18,r,120.004735231,MaskierungsExperimentExpra,2017_Jan_12_1846,
0.033,4,1.033,,,,,,,,,7,0,7,0,0,2,2,2,,,,,,,90,s,s,1,0.766809969129,0.277759975586,0.57441767134,,,,,27,m,18,r,120.004735231,MaskierungsExperimentExpra,2017_Jan_12_1846,
0.067,8,1.067,,,,,,,,,7,0,7,0,0,3,3,1,,,,,,,90,s,s,1,0.700135346561,1.0,0.666096921483,,,,,27,m,18,r,120.004735231,MaskierungsExperimentExpra,2017_Jan_12_1846,
0.133,16,1.133,,,,,,,,,7,0,7,0,0,4,4,0,,,,,,,0,a,a,1,0.566780326981,1.0,0.491148899503,,,,,27,m,18,r,120.004735231,MaskierungsExperimentExpra,2017_Jan_12_1846,
0.067,8,1.067,,,,,,,,,7,0,7,0,1,0,5,1,,,,,,,0,a,a,1,0.900243585314,0.69839017319,0.524358371003,,,,,27,m,18,r,120.004735231,MaskierungsExperimentExpra,2017_Jan_12_1846,
0.033,4,1.033,,,,,,,,,7,0,7,0,1,1,6,2,,,,,,,90,s,a,0,1.55847122225,-0.367208361944,1.95762808921,,,,,27,m,18,r,120.004735231,MaskierungsExperimentExpra,2017_Jan_12_1846,
0.017,2,1.017,,,,,,,,,7,0,7,0,1,2,7,3,,,,,,,90,s,a,0,0.841843420807,-0.312520027466,0.532761150051,,,,,27,m,18,r,120.004735231,MaskierungsExperimentExpra,2017_Jan_12_1846,
0.0083,1,1.0083,,,,,,,,,7,0,7,0,1,3,8,4,,,,,,,90,s,a,0,0.708533955177,-1.0,0.549421063826,,,,,27,m,18,r,120.004735231,MaskierungsExperimentExpra,2017_Jan_12_1846,
0.133,16,1.133,,,,,,,,,7,0,7,0,1,4,9,0,,,,,,,0,a,a,1,0.883471390675,1.0,1.84935725622,,,,,27,m,18,r,120.004735231,MaskierungsExperimentExpra,2017_Jan_12_1846,
0.133,16,1.133,,,,,,,,,7,0,7,0,2,0,10,0,,,,,,,90,s,s,1,2.54168074187,1.0,1.27440127833,,,,,27,m,18,r,120.004735231,MaskierungsExperimentExpra,2017_Jan_12_1846,
0.133,16,1.133,,,,,,,,,7,0,7,0,2,1,11,0,,,,,,,0,a,a,1,0.575193050905,1.0,0.491062924441,,,,,27,m,18,r,120.004735231,MaskierungsExperimentExpra,2017_Jan_12_1846,
0.033,4,1.033,,,,,,,,,7,0,7,0,2,2,12,2,,,,,,,0,a,a,1,2.40838025871,0.230151827268,1.04106688635,,,,,27,m,18,r,120.004735231,MaskierungsExperimentExpra,2017_Jan_12_1846,
0.017,2,1.017,,,,,,,,,7,0,7,0,2,3,13,3,,,,,,,90,s,s,1,1.06677920417,-1.0,1.02441595505,,,,,27,m,18,r,120.004735231,MaskierungsExperimentExpra,2017_Jan_12_1846,
0.133,16,1.133,,,,,,,,,7,0,7,0,2,4,14,0,,,,,,,0,a,a,1,0.866794795172,1.0,0.524459744584,,,,,27,m,18,r,120.004735231,MaskierungsExperimentExpra,2017_Jan_12_1846,
0.0083,1,1.0083,,,,,,,,,7,0,7,0,3,0,15,4,,,,,,,90,s,a,0,0.63349280424,-1.0,0.557776043306,,,,,27,m,18,r,120.004735231,MaskierungsExperimentExpra,2017_Jan_12_1846,
0.017,2,1.017,,,,,,,,,7,0,7,0,3,1,16,3,,,,,,,90,s,s,1,2.19173465273,-0.648462653544,0.674414687877,,,,,27,m,18,r,120.004735231,MaskierungsExperimentExpra,2017_Jan_12_1846,
0.0083,1,1.0083,,,,,,,,,7,0,7,0,3,2,17,4,,,,,,,90,s,s,1,1.0334436573,-1.0,0.641117958105,,,,,27,m,18,r,120.004735231,MaskierungsExperimentExpra,2017_Jan_12_1846,
0.133,16,1.133,,,,,,,,,7,0,7,0,3,3,18,0,,,,,,,90,s,s,1,0.850183643373,1.0,0.657707295337,,,,,27,m,18,r,120.004735231,MaskierungsExperimentExpra,2017_Jan_12_1846,
0.017,2,1.017,,,,,,,,,7,0,7,0,3,4,19,3,,,,,,,90,s,a,0,0.925120533507,-0.671900511177,0.732778922508,,,,,27,m,18,r,120.004735231,MaskierungsExperimentExpra,2017_Jan_12_1846,
0.0083,1,1.0083,,,,,,,,,7,0,7,0,4,0,20,4,,,,,,,0,a,s,0,0.758465896934,-1.0,0.507768712969,,,,,27,m,18,r,120.004735231,MaskierungsExperimentExpra,2017_Jan_12_1846,
0.033,4,1.033,,,,,,,,,7,0,7,0,4,1,21,2,,,,,,,0,a,a,1,1.20013261974,-0.609399557488,1.42435686323,,,,,27,m,18,r,120.004735231,MaskierungsExperimentExpra,2017_Jan_12_1846,
0.133,16,1.133,,,,,,,,,7,0,7,0,4,2,22,0,,,,,,,0,a,a,1,0.841866839387,1.0,0.574387515908,,,,,27,m,18,r,120.004735231,MaskierungsExperimentExpra,2017_Jan_12_1846,
0.033,4,1.033,,,,,,,,,7,0,7,0,4,3,23,2,,,,,,,90,s,s,1,0.675197125096,-1.0,0.35772458659,,,,,27,m,18,r,120.004735231,MaskierungsExperimentExpra,2017_Jan_12_1846,
0.033,4,1.033,,,,,,,,,7,0,7,0,4,4,24,2,,,,,,,90,s,s,1,1.00009816556,-1.0,0.574479265414,,,,,27,m,18,r,120.004735231,MaskierungsExperimentExpra,2017_Jan_12_1846,
0.0083,1,1.0083,,,,,,,,,7,0,7,0,5,0,25,4,,,,,,,0,a,a,1,0.82512608339,-1.0,0.541119658358,,,,,27,m,18,r,120.004735231,MaskierungsExperimentExpra,2017_Jan_12_1846,
0.067,8,1.067,,,,,,,,,7,0,7,0,5,1,26,1,,,,,,,0,a,a,1,0.775118753053,0.531731136034,0.416138545604,,,,,27,m,18,r,120.004735231,MaskierungsExperimentExpra,2017_Jan_12_1846,
0.133,16,1.133,,,,,,,,,7,0,7,0,5,2,27,0,,,,,,,0,a,a,1,0.600194470456,1.0,0.424425194158,,,,,27,m,18,r,120.004735231,MaskierungsExperimentExpra,2017_Jan_12_1846,
0.067,8,1.067,,,,,,,,,7,0,7,0,5,3,28,1,,,,,,,0,a,a,1,0.55854468602,1.0,0.474406218691,,,,,27,m,18,r,120.004735231,MaskierungsExperimentExpra,2017_Jan_12_1846,
0.0083,1,1.0083,,,,,,,,,7,0,7,0,5,4,29,4,,,,,,,90,s,s,1,0.558460635772,-0.843778133822,0.657799686448,,,,,27,m,18,r,120.004735231,MaskierungsExperimentExpra,2017_Jan_12_1846,
0.0083,1,1.0083,,,,,,,,,7,0,7,0,6,0,30,4,,,,,,,0,a,s,0,2.77500518898,-1.0,0.60778176963,,,,,27,m,18,r,120.004735231,MaskierungsExperimentExpra,2017_Jan_12_1846,
0.017,2,1.017,,,,,,,,,7,0,7,0,6,1,31,3,,,,,,,90,s,a,0,1.23348773556,-0.531273365377,0.757736392121,,,,,27,m,18,r,120.004735231,MaskierungsExperimentExpra,2017_Jan_12_1846,
0.133,16,1.133,,,,,,,,,7,0,7,0,6,2,32,0,,,,,,,0,a,a,1,0.675116603677,1.0,0.416126996714,,,,,27,m,18,r,120.004735231,MaskierungsExperimentExpra,2017_Jan_12_1846,
0.067,8,1.067,,,,,,,,,7,0,7,0,6,3,33,1,,,,,,,90,s,s,1,0.81685290854,1.0,0.399436927508,,,,,27,m,18,r,120.004735231,MaskierungsExperimentExpra,2017_Jan_12_1846,
0.017,2,1.017,,,,,,,,,7,0,7,0,6,4,34,3,,,,,,,0,a,s,0,0.641833989214,-1.0,0.432770870366,,,,,27,m,18,r,120.004735231,MaskierungsExperimentExpra,2017_Jan_12_1846,
0.0083,1,1.0083,,,,,,,,,7,0,7,0,7,0,35,4,,,,,,,0,a,s,0,0.758529415822,-1.0,0.457731548003,,,,,27,m,18,r,120.004735231,MaskierungsExperimentExpra,2017_Jan_12_1846,
0.017,2,1.017,,,,,,,,,7,0,7,0,7,1,36,3,,,,,,,0,a,a,1,0.733476026271,-1.0,0.457801803744,,,,,27,m,18,r,120.004735231,MaskierungsExperimentExpra,2017_Jan_12_1846,
0.067,8,1.067,,,,,,,,,7,0,7,0,7,2,37,1,,,,,,,0,a,a,1,0.76683082129,0.301594567788,0.566075844761,,,,,27,m,18,r,120.004735231,MaskierungsExperimentExpra,2017_Jan_12_1846,
0.0083,1,1.0083,,,,,,,,,7,0,7,0,7,3,38,4,,,,,,,0,a,s,0,1.30845798915,-1.0,0.749408039246,,,,,27,m,18,r,120.004735231,MaskierungsExperimentExpra,2017_Jan_12_1846,
0.0083,1,1.0083,,,,,,,,,7,0,7,0,7,4,39,4,,,,,,,90,s,s,1,0.63346810245,-1.0,0.566132305995,,,,,27,m,18,r,120.004735231,MaskierungsExperimentExpra,2017_Jan_12_1846,
0.033,4,1.033,,,,,,,,,7,0,7,0,8,0,40,2,,,,,,,90,s,s,1,0.700184429339,-0.992217898833,0.841050076303,,,,,27,m,18,r,120.004735231,MaskierungsExperimentExpra,2017_Jan_12_1846,
0.017,2,1.017,,,,,,,,,7,0,7,0,8,1,41,3,,,,,,,0,a,s,0,1.13351285439,-1.0,0.741031245198,,,,,27,m,18,r,120.004735231,MaskierungsExperimentExpra,2017_Jan_12_1846,
0.067,8,1.067,,,,,,,,,7,0,7,0,8,2,42,1,,,,,,,0,a,a,1,0.841851120066,1.0,0.707716229686,,,,,27,m,18,r,120.004735231,MaskierungsExperimentExpra,2017_Jan_12_1846,
0.033,4,1.033,,,,,,,,,7,0,7,0,8,3,43,2,,,,,,,0,a,s,0,1.60008539762,-1.0,0.741095084889,,,,,27,m,18,r,120.004735231,MaskierungsExperimentExpra,2017_Jan_12_1846,
0.067,8,1.067,,,,,,,,,7,0,7,0,8,4,44,1,,,,,,,0,a,a,1,0.900165951117,1.0,1.20770259558,,,,,27,m,18,r,120.004735231,MaskierungsExperimentExpra,2017_Jan_12_1846,
0.033,4,1.033,,,,,,,,,7,0,7,0,9,0,45,2,,,,,,,90,s,a,0,0.88352528549,-1.0,1.11603425272,,,,,27,m,18,r,120.004735231,MaskierungsExperimentExpra,2017_Jan_12_1846,
0.017,2,1.017,,,,,,,,,7,0,7,0,9,1,46,3,,,,,,,0,a,s,0,0.68346292149,-1.0,0.757782266874,,,,,27,m,18,r,120.004735231,MaskierungsExperimentExpra,2017_Jan_12_1846,
0.067,8,1.067,,,,,,,,,7,0,7,0,9,2,47,1,,,,,,,0,a,a,1,0.750116050293,0.531731136034,0.607802300988,,,,,27,m,18,r,120.004735231,MaskierungsExperimentExpra,2017_Jan_12_1846,
0.0083,1,1.0083,,,,,,,,,7,0,7,0,9,3,48,4,,,,,,,90,s,a,0,0.850159903991,-1.0,0.616104348061,,,,,27,m,18,r,120.004735231,MaskierungsExperimentExpra,2017_Jan_12_1846,
0.133,16,1.133,,,,,,,,,7,0,7,0,9,4,49,0,,,,,,,90,s,s,1,0.725207021853,1.0,0.716047790585,,,,,27,m,18,r,120.004735231,MaskierungsExperimentExpra,2017_Jan_12_1846,
0.033,4,1.033,,,,,,,,,7,0,7,0,10,0,50,2,,,,,,,90,s,a,0,0.625104140501,-1.0,0.541136981692,,,,,27,m,18,r,120.004735231,MaskierungsExperimentExpra,2017_Jan_12_1846,
0.133,16,1.133,,,,,,,,,7,0,7,0,10,1,51,0,,,,,,,90,s,s,1,0.658463426754,1.0,0.591138537583,,,,,27,m,18,r,120.004735231,MaskierungsExperimentExpra,2017_Jan_12_1846,
0.017,2,1.017,,,,,,,,,7,0,7,0,10,2,52,3,,,,,,,90,s,a,0,0.716826378175,-1.0,0.707747026723,,,,,27,m,18,r,120.004735231,MaskierungsExperimentExpra,2017_Jan_12_1846,
0.033,4,1.033,,,,,,,,,7,0,7,0,10,3,53,2,,,,,,,0,a,s,0,0.825153672402,-1.0,0.991071104905,,,,,27,m,18,r,120.004735231,MaskierungsExperimentExpra,2017_Jan_12_1846,
0.067,8,1.067,,,,,,,,,7,0,7,0,10,4,54,1,,,,,,,0,a,a,1,0.941831454874,0.611108567941,0.516070760042,,,,,27,m,18,r,120.004735231,MaskierungsExperimentExpra,2017_Jan_12_1846,
0.0083,1,1.0083,,,,,,,,,7,0,7,0,11,0,55,4,,,,,,,90,s,s,1,0.64192445551,-1.0,0.507671189019,,,,,27,m,18,r,120.004735231,MaskierungsExperimentExpra,2017_Jan_12_1846,
0.017,2,1.017,,,,,,,,,7,0,7,0,11,1,56,3,,,,,,,0,a,s,0,0.766840445364,-1.0,0.674384532445,,,,,27,m,18,r,120.004735231,MaskierungsExperimentExpra,2017_Jan_12_1846,
0.133,16,1.133,,,,,,,,,7,0,7,0,11,2,57,0,,,,,,,90,s,s,1,0.675169536084,1.0,0.482756706937,,,,,27,m,18,r,120.004735231,MaskierungsExperimentExpra,2017_Jan_12_1846,
0.033,4,1.033,,,,,,,,,7,0,7,0,11,3,58,2,,,,,,,90,s,a,0,0.608362742899,-1.0,0.59125113925,,,,,27,m,18,r,120.004735231,MaskierungsExperimentExpra,2017_Jan_12_1846,
0.067,8,1.067,,,,,,,,,7,0,7,0,11,4,59,1,,,,,,,0,a,a,1,0.658502885458,0.444449530785,0.524426381127,,,,,27,m,18,r,120.004735231,MaskierungsExperimentExpra,2017_Jan_12_1846,
0.133,16,1.133,,,,,,,,,8,0,8,0,0,0,0,0,,,,,,,90,s,s,1,0.625137503958,1.0,0.699322112304,,,,,27,m,18,r,120.004735231,MaskierungsExperimentExpra,2017_Jan_12_1846,
0.017,2,1.017,,,,,,,,,8,0,8,0,0,1,1,3,,,,,,,90,s,a,0,0.533471085913,-1.0,0.524461027793,,,,,27,m,18,r,120.004735231,MaskierungsExperimentExpra,2017_Jan_12_1846,
0.067,8,1.067,,,,,,,,,8,0,8,0,0,2,2,1,,,,,,,90,s,s,1,0.741855707541,0.8333104448,0.649362260733,,,,,27,m,18,r,120.004735231,MaskierungsExperimentExpra,2017_Jan_12_1846,
0.0083,1,1.0083,,,,,,,,,8,0,8,0,0,3,3,4,,,,,,,90,s,a,0,0.59182569647,-1.0,0.474417125976,,,,,27,m,18,r,120.004735231,MaskierungsExperimentExpra,2017_Jan_12_1846,
0.067,8,1.067,,,,,,,,,8,0,8,0,0,4,4,1,,,,,,,90,s,s,1,0.625153223279,1.0,0.449452598708,,,,,27,m,18,r,120.004735231,MaskierungsExperimentExpra,2017_Jan_12_1846,
0.033,4,1.033,,,,,,,,,8,0,8,0,1,0,5,2,,,,,,,90,s,a,0,0.650102352028,-1.0,0.599491271446,,,,,27,m,18,r,120.004735231,MaskierungsExperimentExpra,2017_Jan_12_1846,
0.033,4,1.033,,,,,,,,,8,0,8,0,1,1,6,2,,,,,,,90,s,a,0,1.28338888028,-0.726588845655,0.866127205236,,,,,27,m,18,r,120.004735231,MaskierungsExperimentExpra,2017_Jan_12_1846,
0.0083,1,1.0083,,,,,,,,,8,0,8,0,1,2,7,4,,,,,,,90,s,s,1,0.941832417282,-1.0,0.449405119943,,,,,27,m,18,r,120.004735231,MaskierungsExperimentExpra,2017_Jan_12_1846,
0.133,16,1.133,,,,,,,,,8,0,8,0,1,3,8,0,,,,,,,90,s,s,1,0.64180351298,1.0,0.949414904419,,,,,27,m,18,r,120.004735231,MaskierungsExperimentExpra,2017_Jan_12_1846,
0.067,8,1.067,,,,,,,,,8,0,8,0,1,4,9,1,,,,,,,0,a,a,1,0.658492619779,1.0,0.666079277347,,,,,27,m,18,r,120.004735231,MaskierungsExperimentExpra,2017_Jan_12_1846,
0.033,4,1.033,,,,,,,,,8,0,8,0,2,0,10,2,,,,,,,0,a,a,1,0.883496413268,0.47618829633,7.67394118343,,,,,27,m,18,r,120.004735231,MaskierungsExperimentExpra,2017_Jan_12_1846,
0.067,8,1.067,,,,,,,,,8,0,8,0,2,1,11,1,,,,,,,0,a,a,1,0.750210366219,1.0,0.457722886337,,,,,27,m,18,r,120.004735231,MaskierungsExperimentExpra,2017_Jan_12_1846,
0.017,2,1.017,,,,,,,,,8,0,8,0,2,2,12,3,,,,,,,90,s,s,1,0.566789951055,-1.0,0.774447955093,,,,,27,m,18,r,120.004735231,MaskierungsExperimentExpra,2017_Jan_12_1846,
0.033,4,1.033,,,,,,,,,8,0,8,0,2,3,13,2,,,,,,,0,a,a,1,0.608505179195,-1.0,0.58277136761,,,,,27,m,18,r,120.004735231,MaskierungsExperimentExpra,2017_Jan_12_1846,
0.067,8,1.067,,,,,,,,,8,0,8,0,2,4,14,1,,,,,,,0,a,a,1,0.741790263838,1.0,0.649473899992,,,,,27,m,18,r,120.004735231,MaskierungsExperimentExpra,2017_Jan_12_1846,
0.017,2,1.017,,,,,,,,,8,0,8,0,3,0,15,3,,,,,,,0,a,s,0,0.68348890649,-1.0,1.04110281623,,,,,27,m,18,r,120.004735231,MaskierungsExperimentExpra,2017_Jan_12_1846,
0.0083,1,1.0083,,,,,,,,,8,0,8,0,3,1,16,4,,,,,,,0,a,s,0,0.683496926552,-1.0,0.799403820693,,,,,27,m,18,r,120.004735231,MaskierungsExperimentExpra,2017_Jan_12_1846,
0.0083,1,1.0083,,,,,,,,,8,0,8,0,3,2,17,4,,,,,,,90,s,s,1,0.750185664428,-1.0,1.42436199607,,,,,27,m,18,r,120.004735231,MaskierungsExperimentExpra,2017_Jan_12_1846,
0.133,16,1.133,,,,,,,,,8,0,8,0,3,3,18,0,,,,,,,90,s,s,1,0.741826514517,1.0,0.70769345271,,,,,27,m,18,r,120.004735231,MaskierungsExperimentExpra,2017_Jan_12_1846,
0.033,4,1.033,,,,,,,,,8,0,8,0,3,4,19,2,,,,,,,0,a,a,1,0.658479146075,0.587304493782,0.616109160097,,,,,27,m,18,r,120.004735231,MaskierungsExperimentExpra,2017_Jan_12_1846,
0.133,16,1.133,,,,,,,,,8,0,8,0,4,0,20,0,,,,,,,0,a,a,1,0.81679837212,0.865079728389,0.93272066478,,,,,27,m,18,r,120.004735231,MaskierungsExperimentExpra,2017_Jan_12_1846,
0.067,8,1.067,,,,,,,,,8,0,8,0,4,1,21,1,,,,,,,0,a,a,1,0.99176852947,1.0,1.50772668785,,,,,27,m,18,r,120.004735231,MaskierungsExperimentExpra,2017_Jan_12_1846,
0.067,8,1.067,,,,,,,,,8,0,8,0,4,2,22,1,,,,,,,0,a,a,1,0.666839579197,1.0,0.507752352043,,,,,27,m,18,r,120.004735231,MaskierungsExperimentExpra,2017_Jan_12_1846,
0.067,8,1.067,,,,,,,,,8,0,8,0,4,3,23,1,,,,,,,0,a,a,1,0.625206476489,1.0,0.507793093957,,,,,27,m,18,r,120.004735231,MaskierungsExperimentExpra,2017_Jan_12_1846,
0.0083,1,1.0083,,,,,,,,,8,0,8,0,4,4,24,4,,,,,,,90,s,s,1,0.600007121815,-0.898466468299,0.874532229901,,,,,27,m,18,r,120.004735231,MaskierungsExperimentExpra,2017_Jan_12_1846,
0.0083,1,1.0083,,,,,,,,,8,0,8,0,5,0,25,4,,,,,,,90,s,s,1,0.841812302967,-1.0,0.941062170556,,,,,27,m,18,r,120.004735231,MaskierungsExperimentExpra,2017_Jan_12_1846,
0.067,8,1.067,,,,,,,,,8,0,8,0,5,1,26,1,,,,,,,0,a,a,1,0.65017549499,0.944426642252,0.799451941063,,,,,27,m,18,r,120.004735231,MaskierungsExperimentExpra,2017_Jan_12_1846,
0.133,16,1.133,,,,,,,,,8,0,8,0,5,2,27,0,,,,,,,0,a,a,1,0.675127510961,1.0,0.624483708528,,,,,27,m,18,r,120.004735231,MaskierungsExperimentExpra,2017_Jan_12_1846,
0.0083,1,1.0083,,,,,,,,,8,0,8,0,5,3,28,4,,,,,,,0,a,s,0,0.908490775165,-1.0,0.632763941033,,,,,27,m,18,r,120.004735231,MaskierungsExperimentExpra,2017_Jan_12_1846,
0.0083,1,1.0083,,,,,,,,,8,0,8,0,5,4,29,4,,,,,,,90,s,a,0,0.633532904549,-0.453147173266,1.37434183364,,,,,27,m,18,r,120.004735231,MaskierungsExperimentExpra,2017_Jan_12_1846,
0.033,4,1.033,,,,,,,,,8,0,8,0,6,0,30,2,,,,,,,0,a,a,1,0.800138779148,-0.609399557488,0.766102599687,,,,,27,m,18,r,120.004735231,MaskierungsExperimentExpra,2017_Jan_12_1846,
0.017,2,1.017,,,,,,,,,8,0,8,0,6,1,31,3,,,,,,,90,s,s,1,0.641819873905,-1.0,0.44106136855,,,,,27,m,18,r,120.004735231,MaskierungsExperimentExpra,2017_Jan_12_1846,
0.0083,1,1.0083,,,,,,,,,8,0,8,0,6,2,32,4,,,,,,,90,s,s,1,0.575147496955,-1.0,0.641138489463,,,,,27,m,18,r,120.004735231,MaskierungsExperimentExpra,2017_Jan_12_1846,
0.033,4,1.033,,,,,,,,,8,0,8,0,6,3,33,2,,,,,,,0,a,s,0,1.06688923942,-1.0,0.674323579976,,,,,27,m,18,r,120.004735231,MaskierungsExperimentExpra,2017_Jan_12_1846,
0.033,4,1.033,,,,,,,,,8,0,8,0,6,4,34,2,,,,,,,0,a,a,1,0.650145660361,-0.804715037766,0.582791257363,,,,,27,m,18,r,120.004735231,MaskierungsExperimentExpra,2017_Jan_12_1846,
0.017,2,1.017,,,,,,,,,8,0,8,0,7,0,35,3,,,,,,,0,a,s,0,1.25841184172,-1.0,0.549460201727,,,,,27,m,18,r,120.004735231,MaskierungsExperimentExpra,2017_Jan_12_1846,
0.033,4,1.033,,,,,,,,,8,0,8,0,7,1,36,2,,,,,,,0,a,s,0,1.00007891741,-1.0,1.5410603099,,,,,27,m,18,r,120.004735231,MaskierungsExperimentExpra,2017_Jan_12_1846,
0.033,4,1.033,,,,,,,,,8,0,8,0,7,2,37,2,,,,,,,90,s,a,0,0.575135948066,-0.601586938277,1.25777569042,,,,,27,m,18,r,120.004735231,MaskierungsExperimentExpra,2017_Jan_12_1846,
0.133,16,1.133,,,,,,,,,8,0,8,0,7,3,38,0,,,,,,,90,s,s,1,1.65844834904,1.0,2.06597110276,,,,,27,m,18,r,120.004735231,MaskierungsExperimentExpra,2017_Jan_12_1846,
0.017,2,1.017,,,,,,,,,8,0,8,0,7,4,39,3,,,,,,,90,s,s,1,0.725200285001,-1.0,0.482727834715,,,,,27,m,18,r,120.004735231,MaskierungsExperimentExpra,2017_Jan_12_1846,
0.133,16,1.133,,,,,,,,,8,0,8,0,8,0,40,0,,,,,,,90,s,s,1,0.683515533095,1.0,1.21604859259,,,,,27,m,18,r,120.004735231,MaskierungsExperimentExpra,2017_Jan_12_1846,
0.017,2,1.017,,,,,,,,,8,0,8,0,8,1,41,3,,,,,,,0,a,s,0,0.650118712953,-1.0,0.641154529586,,,,,27,m,18,r,120.004735231,MaskierungsExperimentExpra,2017_Jan_12_1846,
0.033,4,1.033,,,,,,,,,8,0,8,0,8,2,42,2,,,,,,,0,a,s,0,0.84183090951,-0.960967421988,0.582774254832,,,,,27,m,18,r,120.004735231,MaskierungsExperimentExpra,2017_Jan_12_1846,
0.133,16,1.133,,,,,,,,,8,0,8,0,8,3,43,0,,,,,,,0,a,a,1,0.86686729653,1.0,0.666041422656,,,,,27,m,18,r,120.004735231,MaskierungsExperimentExpra,2017_Jan_12_1846,
0.017,2,1.017,,,,,,,,,8,0,8,0,8,4,44,3,,,,,,,90,s,a,0,0.825169391723,-1.0,0.599403692372,,,,,27,m,18,r,120.004735231,MaskierungsExperimentExpra,2017_Jan_12_1846,
0.017,2,1.017,,,,,,,,,8,0,8,0,9,0,45,3,,,,,,,0,a,s,0,0.725098590618,-1.0,0.524473859892,,,,,27,m,18,r,120.004735231,MaskierungsExperimentExpra,2017_Jan_12_1846,
0.067,8,1.067,,,,,,,,,8,0,8,0,9,1,46,1,,,,,,,0,a,a,1,0.791794386149,1.0,0.507784753093,,,,,27,m,18,r,120.004735231,MaskierungsExperimentExpra,2017_Jan_12_1846,
0.033,4,1.033,,,,,,,,,8,0,8,0,9,2,47,2,,,,,,,90,s,s,1,0.975115352548,-1.0,0.657765681386,,,,,27,m,18,r,120.004735231,MaskierungsExperimentExpra,2017_Jan_12_1846,
0.133,16,1.133,,,,,,,,,8,0,8,0,9,3,48,0,,,,,,,90,s,s,1,0.816680316811,1.0,0.491205360738,,,,,27,m,18,r,120.004735231,MaskierungsExperimentExpra,2017_Jan_12_1846,
0.0083,1,1.0083,,,,,,,,,8,0,8,0,9,4,49,4,,,,,,,90,s,a,0,0.675151891949,-1.0,0.682753948036,,,,,27,m,18,r,120.004735231,MaskierungsExperimentExpra,2017_Jan_12_1846,
0.0083,1,1.0083,,,,,,,,,8,0,8,0,10,0,50,4,,,,,,,90,s,s,1,1.0334439781,-1.0,0.691120797207,,,,,27,m,18,r,120.004735231,MaskierungsExperimentExpra,2017_Jan_12_1846,
0.0083,1,1.0083,,,,,,,,,8,0,8,0,10,1,51,4,,,,,,,0,a,s,0,1.04186664691,-1.0,0.899345338403,,,,,27,m,18,r,120.004735231,MaskierungsExperimentExpra,2017_Jan_12_1846,
0.017,2,1.017,,,,,,,,,8,0,8,0,10,2,52,3,,,,,,,90,s,a,0,0.916773574089,-1.0,0.724442549571,,,,,27,m,18,r,120.004735231,MaskierungsExperimentExpra,2017_Jan_12_1846,
0.067,8,1.067,,,,,,,,,8,0,8,0,10,3,53,1,,,,,,,90,s,s,1,0.758525886995,0.650782024872,0.816049619159,,,,,27,m,18,r,120.004735231,MaskierungsExperimentExpra,2017_Jan_12_1846,
0.017,2,1.017,,,,,,,,,8,0,8,0,10,4,54,3,,,,,,,90,s,s,1,0.775123565091,-1.0,0.507831590253,,,,,27,m,18,r,120.004735231,MaskierungsExperimentExpra,2017_Jan_12_1846,
0.133,16,1.133,,,,,,,,,8,0,8,0,11,0,55,0,,,,,,,0,a,a,1,0.60846283327,1.0,0.491148899503,,,,,27,m,18,r,120.004735231,MaskierungsExperimentExpra,2017_Jan_12_1846,
0.017,2,1.017,,,,,,,,,8,0,8,0,11,1,56,3,,,,,,,0,a,a,1,1.15850593308,-1.0,0.491052017158,,,,,27,m,18,r,120.004735231,MaskierungsExperimentExpra,2017_Jan_12_1846,
0.133,16,1.133,,,,,,,,,8,0,8,0,11,2,57,0,,,,,,,90,s,s,1,0.925212924618,1.0,0.574381099858,,,,,27,m,18,r,120.004735231,MaskierungsExperimentExpra,2017_Jan_12_1846,
0.133,16,1.133,,,,,,,,,8,0,8,0,11,3,58,0,,,,,,,90,s,s,1,0.566873038894,1.0,0.624405753528,,,,,27,m,18,r,120.004735231,MaskierungsExperimentExpra,2017_Jan_12_1846,
0.067,8,1.067,,,,,,,,,8,0,8,0,11,4,59,1,,,,,,,90,s,s,1,0.566848657907,1.0,0.666084089385,,,,,27,m,18,r,120.004735231,MaskierungsExperimentExpra,2017_Jan_12_1846,
,,,,,,,,,,,,,,,,,,,,,,,,,,,,,,,,,,space,51.7468624717,27,m,18,r,120.004735231,MaskierungsExperimentExpra,2017_Jan_12_1846,
